Stage Name,Full Name,Korean Name,K Stage Name,Date of Birth,Group,Debut,Company,Country,Second Country,Height,Weight,Birthplace,Other Group,Former Group,Gender,Age
2Soul,Kim Younghoon,김영훈,이솔,1997-09-10,7 O'clock,26/08/2014,Jungle,South Korea,,172.0,55.0,,,,M,29.0
A.M,Seong Hyunwoo,성현우,에이엠,1996-12-31,Limitless,9/07/2019,ONO,South Korea,,181.0,62.0,,,,M,30.0
Ace,Jang Wooyoung,장우영,에이스,1992-08-28,VAV,31/10/2015,A team,South Korea,,177.0,63.0,,,,M,34.0
Aeji,Kwon Aeji,권애지,애지,1999-10-25,Hash Tag,11/10/2017,LUK,South Korea,,163.0,,Daegu,,,F,27.0
AhIn,Lee Ahin,이아인,아인,1999-09-27,MOMOLAND,9/11/2016,Double Kick,South Korea,,160.0,44.0,Wonju,,,F,27.0
Ahra,Go Ahra,고아라,아라,2001-02-21,Favorite,5/07/2017,Astory,South Korea,,,,Yeosu,,,F,25.0
Ahyeon,Jung Ahyeon,정아현,아현,2007-04-11,BABYMONSTER,0/01/1900,YG,South Korea,,,,,,,F,19.0
Ahyoon,Choi Subin,최수빈,아윤,2004-10-23,BOTOPASS,26/08/2020,WKS ENE,South Korea,,,,,,,F,22.0
Ahyoon,Shin Ahyoon,신아윤,아윤,2003-09-24,Queenz Eye,24/10/2022,Big Mountain,South Korea,,,,Seoul,,,F,23.0
Ahyoung,Cho Jayoung,조자영,아영,1991-05-26,Dal Shabet,3/01/2011,Happy Face,South Korea,,,,Seoul,,,F,35.0
Ahyung,Kang Ahyoung,강아형,아형,1996-08-27,P.O.P,26/07/2017,DWM,South Korea,,,,Pohang,,,F,30.0
Ailee,Lee Yejin,이예진,에일리,1989-05-30,,,,South Korea,USA,165.0,,Denver,,,F,37.0
Aini,Kim Heejung,김희정,아이니,1991-07-13,,,,South Korea,,163.0,44.0,,,Pink Fantasy,F,35.0
Aisha,Heo Yoorim,허유림,아샤,2000-07-21,Everglow,18/03/2019,Yuehua,South Korea,,,,,,,F,26.0
Aki,Jang Minju,장민주,아키,2001-02-12,MAJORS,9/03/2021,ANS,South Korea,,168.0,48.0,,,,F,25.0
Alex,Alexander Schmidt Lee,알렉산더 슈미트 리,알렉스,2004-10-06,DRIPPIN,26/10/2020,Woollim,Germany,South Korea,180.0,,,,,M,22.0
AleXa,Kim Seri,김세리,알렉사,1996-12-06,,,,USA,,,,,,,F,30.0
Alice,Song Joohee,송주희,앨리스,1990-03-21,Hello Venus,9/05/2012,Fantagio,South Korea,,166.0,47.0,Wonju,,,F,36.0
Alice,Cheon Jaeyoung,천재영,앨리스,2002-02-20,TRACER,3/04/2022,Gleamedia,South Korea,,,,,,,F,24.0
Allen,Allen Ma,앨런 마,앨런,1999-04-26,CRAVITY,14/04/2020,Starship,USA,South Korea,,,,,,M,27.0
Amber,Amber Josephine Liu,엠버 조세핀 리우,엠버,1992-09-18,f(x),5/09/2009,SM,USA,Taiwan,167.0,,Los Angeles,,,F,34.0
A-min,Cho Minwoo,조민우,아민,2004-05-22,EPEX,8/06/2021,C9,South Korea,,175.0,54.0,Namyangju,,,M,22.0
Andy,Lui Chunyeung,루이쯔양,앤디,1994-10-06,7 O'clock,26/08/2014,Jungle,Hong Kong,,,,,,,M,32.0
Andy,Lee Sunho,이선호,앤디,1981-01-21,Shinhwa,24/03/1998,SM| Good| Shinhwa,South Korea,,175.0,62.0,Seoul,,,M,45.0
Anne,Lee Seoyoung,이서영,앤,2000-10-17,GWSN,5/09/2018,Kiwi Pop,South Korea,,,,,,,F,26.0
Anthony,Anthony Lo,엔써니 루오,엔써니,1998-03-12,VARSITY,5/01/2017,GKC,China,USA,179.0,,,,,M,28.0
Ara,Lee Yunji,이윤지,아라,2002-01-23,ILY:1,4/04/2022,FC ENM,South Korea,,158.0,,,,,F,24.0
A-ra,Choi Eunji,최은지,아라,2003-07-25,Girls' World,20/06/2002,Liz,South Korea,,158.0,,Seoul,,,F,23.0
Aran,Jeong Eunah,정은아,아란,2004-10-11,FIFTY FIFTY,18/11/2022,ATTRAKT,South Korea,,162.0,44.0,,,,F,22.0
Arang,Son Mnjung,손민정,아랑,2000-03-08,,,,South Korea,,,,,,NeonPunch,F,26.0
Arang,Park Yerim,박예림,아랑,2001-01-22,Pink Fantasy,28/10/2018,My Doll,South Korea,,167.0,49.0,,,,F,25.0
Areum,Kim Daun,김다운,아름,1998-01-31,AREAL,21/08/2020,JZ Factory,South Korea,,,,,,Rose Finger,F,28.0
Ari,Kim Sunyoung,김선영,아리,1994-10-23,Tahiti,23/06/2012,J-line,South Korea,,,,Daegu,,,F,32.0
Aria,Baby Gauthami,베이비 고타미,아리아,2003-03-12,X:IN,11/04/2023,Escrow,India,,,,,,,F,23.0
Arie,Jeon Minjae,전민재,아리,2000-04-07,MIXX,2/05/2016,Chiko,South Korea,,163.0,45.0,,,,F,26.0
Arin,Choi Yewon,최예원,아린,1999-06-18,Oh My Girl,21/04/2015,WM,South Korea,,163.0,47.0,Busan,,,F,27.0
Aron,Kwak Youngmin,곽영민,아론,1993-05-21,NU'EST,15/03/2012,Pledis,South Korea,USA,,,California,NU'EST W,,M,33.0
Arthur,Jang Yunho,장윤호,아서,2000-04-15,Kingdom,18/02/2021,GF,South Korea,,176.0,57.0,,,VARSITY,M,26.0
Asa,Enami Asa,에나미 아사,아사,2006-04-17,BABYMONSTER,0/01/1900,YG,Japan,,,,,,,F,20.0
Asahi,Hanada Asahi,하나다 아사히,아사히,2001-08-20,Treasure,7/08/2020,YG,Japan,,,,,,,M,25.0
Ashley,Ashley Choi,애슐리 최,애슐리,1991-11-09,Ladies' Code,7/03/2013,Polaris,South Korea,USA,,,Incheon,,,F,35.0
Aurora,Yang Lan,양안,오로라,1997-01-14,NATURE,3/08/2018,n.CH,China,,,,,,,F,29.0
Ayamy,Suzuki Ayami,스즈키 아야미,아야미,2000-07-15,Bling Bling,17/11/2020,Major9,Japan,,,,,,,F,26.0
Ayden,Kwon Yejun,권예준,에이든,2005-01-24,EPEX,8/06/2021,C9,South Korea,,174.0,55.0,,,,M,21.0
Ayeon,Son Minji,손민지,아연,2002-09-29,Saturday,18/07/2018,SD,South Korea,,162.0,47.0,,,,F,24.0
Ayno,Noh Yoonho,노윤호,에이노,1996-05-01,VAV,31/10/2015,A team,South Korea,,183.0,61.0,,,,M,30.0
B.I,Kim Hanbin,김한빈,비아이,1996-10-22,,,,South Korea,,,,Goyang,,iKON,M,30.0
B.S,Lee Youngsoo,이영수,비에스,1995-04-14,14U,17/04/2017,BG,South Korea,,,,,,,M,31.0
Babysoul,Lee Soojung,이수정,베이비소울,1992-07-06,Lovelyz,17/11/2014,Woollim,South Korea,,158.0,41.0,Gwangju,,,F,34.0
Bada,Kim Bada,김바다,바다,2002-05-28,Hinapia,3/11/2019,Alseulbit,South Korea,,162.0,49.0,,,,F,24.0
Bae,Bae Jinsol,배진솔,배이,2004-12-28,NMIXX,22/02/2022,JYP,South Korea,,,,,,,F,22.0
Baek Seung,Kim Hyunwoo,김현우,백승,2004-10-05,EPEX,8/06/2021,C9,South Korea,,186.0,64.0,Seoul,,,M,22.0
Baekah,Kim Sua,김수아,백아,1999-10-24,XUM,22/09/2020,A100,South Korea,,,,,,NeonPunch,F,27.0
Baekgyeul,Baek Sunwoo,백결,백선우,1999-12-01,E'LAST,9/06/2020,E Entertainment,South Korea,,180.0,61.0,,,,M,27.0
Baekho,Kang Dongho,강동호,백호,1995-07-21,NU'EST,15/03/2012,Pledis,South Korea,,,,Jeju,NU'EST W,,M,31.0
Baekhyun,Byun Baekhyun,변백현,백현,1992-05-06,EXO,8/04/2012,SM,South Korea,,174.0,58.0,Wonmi,EXO-CBX| SuperM,,M,34.0
Bahiyyih,Huening Bahiyyih,휴닝바히에,바히에,2004-07-27,Kep1er,1/03/2022,WakeOne,USA,South Korea,166.0,,,,,F,22.0
Bain,Song Byeonghee,송병희,배인,2001-05-04,JUST B,30/06/2021,Bluedot,South Korea,,,,,,,M,25.0
BamBam,Kunpimook Bhuwakul,꾼삐묵 부와꾼,뱀뱀,1997-05-02,GOT7,16/01/2014,JYP,Thailand,,170.0,52.0,Bangkok,,,M,29.0
Bang Chan,Bang Chan,방찬,방찬,1997-10-03,Stray Kids,25/03/2018,JYP,Australia,South Korea,,,Sydney,3RACHA,,M,29.0
Bao,Bae Sungyeob,배성엽,바오,1996-05-12,XEED,1/12/2022,Nature Space,South Korea,,182.0,63.0,,,LUCENTE,M,30.0
Baro,Cha Sunwoo,차선우,바로,1992-09-05,,,,South Korea,,178.0,63.0,Gwangju,,B1A4,M,34.0
Baron,Choi Chunghyeop,최충협,바론,1992-04-19,,,,South Korea,,180.0,60.0,,,VAV,M,34.0
B-Bomb,Lee Minhyuk,이민혁,비범,1990-12-14,Block B,15/04/2011,KQ,South Korea,,178.0,60.0,Seoul,Bastarz,,M,36.0
BC,Jin Sungho,진성호,비시,1994-07-18,1TEAM,27/03/2019,LiveWorks,South Korea,,,,,,,M,32.0
Bekah,Rebecca Kim,김레베카,베카,1989-08-11,,,,South Korea,USA,,,Honolulu,,After School,F,37.0
BEL,Choi Sunghoon,최성훈,벨,2000-05-21,DUSTIN,6/01/2020,LPA,South Korea,,,,,,,M,26.0
Belle,Jin Hyeonjoo,진현주,벨,2001-11-03,Cignature,4/02/2020,C9,South Korea,,,,Goyang,,Good Day,F,25.0
Benji,Baek Jaewook,배제욱,벤지,1992-05-03,B.I.G,9/07/2014,GH,USA,South Korea,183.0,72.0,Indianapolis,,,M,34.0
Beomgyu,Choi Beomgyu,최범규,범규,2001-03-13,TXT,4/03/2019,Big Hit,South Korea,,,,,,,M,25.0
Bessie,Kim Susanna,김수산나,베시,2004-07-15,Lapillus,22/06/2022,MLD,South Korea,,,,Changwon,,,F,22.0
Bian,Yu Jiwon,유지원,비안,2001-02-13,MAJORS,9/03/2021,ANS,South Korea,,,,,,ANS,F,25.0
BIBI,Kim Hyungseo,김형서,비비,1998-09-27,,,,South Korea,,,,,,,F,28.0
Bic,Nam Seungmin,남승민,빅,2001-04-25,MCND,27/02/2020,TOP Media,South Korea,,,,,,,M,25.0
Bin,Kwon Soobin,김수빈,빈,1993-10-28,Hot Blood Youth,17/05/2017,FNC,South Korea,,,,,,,M,33.0
Bit,No Minjae,노민재,빛,2004-07-21,BAE173,19/11/2020,PocketDol,South Korea,,,,,,,M,22.0
Bitsaeon,Kim Sangyeon,김상연,빛새온,1995-06-04,MONT,14/05/2014,Starship,South Korea,,181.0,60.0,,,,M,31.0
Bitto,Lee Changhyun,이창현,비토,1996-08-24,UP10TION,10/09/2015,TOP Media,South Korea,,,,Dongducheon,,,M,30.0
B-Joo,Kim Byungjoo,김병주,비주,1994-01-08,Topp Dogg,1/04/2020,n.CH,South Korea,,,,Seoul,,,M,32.0
Blue,Jung Gahee,정가희,파랑,1994-01-18,Pungdeng-E,11/12/2013,DOMA,South Korea,,161.0,,Gwangju,,,F,32.0
BM,Matthew Kim,매튜김,비엠,1992-10-20,KARD,29/03/2007,DSP,South Korea,,,,,,,M,34.0
BoA,Kwon Boa,권보아,보아,1986-11-05,,,,South Korea,,,,Guri,,,F,40.0
Boa,Kim Boah,김보아,보아,1987-01-14,KEEMBO,10/04/2020,ARA-LINE,South Korea,,,,,,SPICA,F,39.0
Bobby,Kim Jiwon,김지원,바비,1995-12-21,iKON,15/09/2015,YG,South Korea,USA,,,Seoul,,,M,31.0
Boeun,Park Boeun,박보은,보은,2008-02-11,CLASS:y,5/05/2022,Universal,South Korea,,155.0,,,,,F,18.0
Bohyung,Kim Bohyung,김보형,보형,1991-03-31,KEEMBO,10/04/2020,ARA-LINE,South Korea,,,,,SPICA-S,SPICA,F,35.0
Bokeun,Kim Bokeun,김복은,복은,1994-10-12,SIGNAL,28/08/2019,J-Star,South Korea,,,,,,,M,32.0
Bom,Park Bom,박봄,봄,1984-03-24,2NE1,6/05/2009,YG,South Korea,,,,,,,F,42.0
Bomi,Yoon Bomi,윤보미,보미,1993-08-13,Apink,19/04/2011,Plan A,South Korea,,163.0,,Suwon,Chobom,,F,33.0
Bomin,Choi Bomin,최보민,보민,2000-08-24,Golden Child,28/08/2017,Woollim,South Korea,,,,,,,M,26.0
Bomin,Kim Bomin,김보민,보민,2001-09-24,RedSquare,19/05/2020,About,South Korea,,,,Gwangju,,Good Day,F,25.0
Bona,Kim Jiyeon,김지연,보나,1995-08-19,WJSN,25/02/2016,Starship,South Korea,,163.0,,Daegu,WJSN The Black,,F,31.0
Boni,Choi Euijeong,최의정,보니,1999-10-30,Dreamnote,7/11/2018,iME,South Korea,,160.0,45.0,,,,F,27.0
Bora,Kim Bora,김보라,보라,1999-03-03,Cherry Bullet,21/01/2019,FNC,South Korea,,,,,,,F,27.0
Bora,Yoon Bora,윤보라,보라,1989-12-30,SISTAR,6/03/2010,Starship,South Korea,,,,,SISTAR19,,F,37.0
Boram,Jeon Boram,전보람,보람,1986-03-22,,,,South Korea,,155.0,45.0,Seoul,,T-ara,F,40.0
Bullet,Jin Junwoo,진준우,블릿,1995-12-02,VARSITY,5/01/2017,GKC,South Korea,,182.0,65.0,Seoul,,,M,31.0
BX,Lee Byounggon,이병곤,비엑스,1998-03-05,CIX,23/07/2019,C9,South Korea,,180.0,61.0,Incheon,,,M,28.0
Byeongkwan,Kim Byeongkwan,김병관,병관,1996-08-13,A.C.E,23/05/2017,Beat,South Korea,,,,Seoul,,,M,30.0
Byungchan,Choi Byungchan,최병찬,병찬,1997-11-12,VICTON,9/11/2016,Plan A,South Korea,,,,,,,M,29.0
C.A.P,Bang Minsoo,방민수,캡,1992-11-04,Teen Top,9/07/2010,TOP Media,South Korea,,,,Seongnam,,,M,34.0
Cao Lu,Cao Lu,차오루,차오루,1987-08-30,Fiestar,31/08/2012,LOEN,China,,166.0,,Zhangjiajie,,,F,39.0
Casper,Chu Xiaoxiang,저효상,캐스퍼,1991-03-20,CROSS GENE,8/07/2012,Amuse,China,,176.0,66.0,Shanghai,,,M,35.0
Castle J,Son Sangjoon,손성준,캐슬제이,1999-05-31,MCND,27/02/2020,TOP Media,South Korea,,,,,,,M,27.0
Cha Hoon,Cha Hoon,차훈,차훈,1994-07-12,N.Flying,20/05/2015,FNC,South Korea,,,,Seoul,,,M,32.0
Chaebin,Choi Yoobin,최유빈,채빈,1999-07-28,NATURE,3/08/2018,n.CH,South Korea,,,,,,,F,27.0
Chaehyun,Kim Chaehyun,김채현,채현,1999-11-29,Bonus Baby,1/01/2017,Maroo,South Korea,,163.0,,,,,F,27.0
Chaehyun,Kim Chaehyun,김채현,채현,2002-04-26,Kep1er,1/03/2022,WakeOne,South Korea,,160.0,,,,,F,24.0
Chaein,Lee Chaeyoung,이채영,채인,2002-12-05,Purple Kiss,15/03/2021,RBW,South Korea,,,,,,,F,24.0
Chaejeong,Lee Chaejeong,이채정,채정,1999-08-26,ALICE,1/07/2017,IOK Company,South Korea,,164.0,48.0,,,,F,27.0
Chaejin,Chae Jinseok,채진석,채진,1995-12-26,MYNAME,27/10/2011,H2,South Korea,,,,Seoul,,,M,31.0
Chaekyung,Yoon Chaekyung,윤채경,채경,1996-07-07,APRIL,24/08/2015,DSP,South Korea,,160.0,45.0,Incheon,C.I.V.A| I.B.I,Puretty,F,30.0
Chaelin,Lee Chaelin,이채린,채린,1999-10-20,FANATICS,6/08/2019,FENT,South Korea,,162.0,47.0,,,,F,27.0
Chaerin,Park Chaerin,박채린,채린,2002-03-13,Cherry Bullet,21/01/2019,FNC,South Korea,,,,,,,F,24.0
Chaerin,Park Chaerin,박채린,채린,2003-03-31,ICHILLIN',8/09/2021,KM,South Korea,,,,,,,F,23.0
Chaeryeong,Lee Chaeryeong,이채령,채령,2001-06-05,ITZY,12/02/2019,JYP,South Korea,,,,Yongin,,,F,25.0
Chaesol,Maeng Chaesol,맹채솔,채솔,1998-07-14,Cignature,4/02/2020,C9,South Korea,,,,Yeosu,,Good Day,F,28.0
Chaewon,Kim Chaewon,김채원,채원,1997-11-08,APRIL,24/08/2015,DSP,South Korea,,,,Gongju,,,F,29.0
Chaewon,Yoon Chaewon,윤채원,채원,2003-06-04,CLASS:y,5/05/2022,Universal,South Korea,,163.0,,,,,F,23.0
Chaewon,Kim Chaewon,김채원,채원,2000-08-01,LE SSERAFIM,2/05/2022,Source,South Korea,,,,Seoul,,IZ*ONE,F,26.0
Chaewon,Lee Chaewon,이채원,채원,2000-03-18,Maka Maka,4/08/2020,Dreamus,South Korea,,,,,,,F,26.0
ChaeY,Song Chaeyeon,송채연,채이,2003-01-06,CRAXY,3/03/2020,SAITEINMENT,South Korea,,,,,,,F,23.0
Chaeyeon,Jung Chaeyeon,정채연,채연,1997-12-01,DIA,14/07/2015,MBK,South Korea,,165.0,49.0,Suncheon,,I.O.I,F,29.0
Chaeyeon,Lee Chaeyeon,이채연,채연,2000-01-11,IZ*ONE,29/10/2018,Off The Record,South Korea,,,,Yongin,,,F,26.0
Chaeyeon,Kim Chaeyeon,김채연,채연,2004-12-04,tripleS,13/02/2023,MODHAUS,South Korea,,,,,,Busters,F,22.0
Chaeyoung,Lee Chaeyoung,이채영,채영,2000-05-14,fromis_9,24/01/2018,Off The Record,South Korea,,,,Pohang,,,F,26.0
Chaeyoung,Son Chaeyoung,손채영,채영,1999-04-23,Twice,20/10/2015,JYP,South Korea,,159.0,,Seoul,,,F,27.0
Chahee,Park Sooyoung,박수영,차희,1996-03-24,MELODYDAY,25/09/2019,KD,South Korea,,167.0,,,,,F,30.0
Chan,Kang Yoochan,강유찬,찬,1997-12-31,A.C.E,23/05/2017,Beat,South Korea,,,,Jeju,UNB,,M,29.0
Chan,Jung Chanwoo,정찬우,찬,1998-01-26,iKON,15/09/2015,YG,South Korea,,,,Yongin,,,M,28.0
Chan,Jo Chanhyuk,조찬혁,찬,1999-12-08,TOO,1/04/2020,n.CH,South Korea,,,,,,,M,27.0
Changbin,Seo Changbin,서창빈,창빈,1999-08-11,Stray Kids,25/03/2018,JYP,South Korea,,,,Yongin,3RACHA,,M,27.0
Changbum,Woo Changbum,우창범,창범,1993-10-07,,,,South Korea,,,,Sokcho,,100%,M,33.0
Changgyu,Song Changgyu,송창규,창규,1993-07-06,UNVS,23/02/2020,CHITWN,South Korea,,,,,,,M,33.0
Changjo,Choi Jonghyun,최종현,창조,1995-11-16,Teen Top,9/07/2010,TOP Media,South Korea,,,,Chuncheon,,,M,31.0
Changsub,Lee Changsub,이창섭,창섭,1991-02-26,BtoB,21/03/2012,Cube,South Korea,,177.0,64.0,Suwon,,,M,35.0
Changsun,Lee Changsun,이창선,창선,1996-03-17,24K,6/09/2012,Choeun,South Korea,,179.0,58.0,,,,M,30.0
Changuk,Joo Changuk,주창욱,창욱,2001-07-25,DRIPPIN,26/10/2020,Woollim,South Korea,,184.0,59.0,,,,M,25.0
Chani,Kang Chanhee,강찬희,찬희,2000-01-17,SF9,5/10/2016,FNC,South Korea,,,,,,,M,26.0
Chanmi,Kim Chanmi,김찬미,찬미,1996-06-19,AoA,30/07/2012,FNC,South Korea,,166.0,47.0,Gumi,,,F,30.0
Chansung,Hwang Chansung,황찬성,찬성,1990-02-11,2PM,4/07/2008,JYP,South Korea,,184.0,75.0,Seoul,,,M,36.0
Chanty,Maria Chantal Videla,마리아 샹탈 비델라,샨티,2002-12-15,Lapillus,22/06/2022,MLD,Philippines,Argentina,170.0,,Manila,,,F,24.0
Chanyeol,Park Chanyeol,박찬열,찬열,1992-11-27,EXO,8/04/2012,SM,South Korea,,185.0,70.0,Seoul,,,M,34.0
Chanyong,Kim Chanyong,김찬용,찬용,1993-04-29,100%,18/09/2012,TOP Media,South Korea,,,,Suwon,,,M,33.0
Chanyoung,Kim Chanyoung,김찬영,찬영,2000-11-20,D-CRUNCH,6/08/2018,All-S,South Korea,,,,,,,M,26.0
Chen,Kim Jongdae,김종대,첸,1992-09-21,EXO,8/04/2012,SM,South Korea,,173.0,64.0,Silheung,EXO-CBX,,M,34.0
Cheng Xiao,Cheng Xiao,청샤오,성소,1998-07-15,,,,China,,167.0,,Shenzhen,,WJSN,F,28.0
Chenle,Zhong Chenle,중천러,천러,2001-11-22,NCT,9/04/2016,SM,China,,,,Shanghai,NCT Dream,,M,25.0
Cheongeum,Jang Cheongeum,장청음,청음,1996-06-19,Ho1iday,26/04/2013,LOEN,South Korea,,,,,,,F,30.0
Chi.u,Lee Jaeyi,이재이,치유,1998-08-16,X:IN,11/04/2023,Escrow,South Korea,,,,,,,F,28.0
Chiayi,Li Chiayi,지아이,지아이,2000-01-22,FANATICS,6/08/2019,FENT,Taiwan,,164.0,,,FANATICS FLAVOR,,F,26.0
Chihoon,Choi Chihoon,최치훈,치훈,1999-04-27,TOO,1/04/2020,n.CH,South Korea,,,,,,,M,27.0
Chiquita,Riracha Phondechaphiphat,리라차 폰데차피팟,치키타,2009-02-17,BABYMONSTER,0/01/1900,YG,Thailand,,,,,,,F,17.0
Chiwoo,Guk Seungjun,국승준,치우,2002-09-02,Kingdom,18/02/2021,GF,South Korea,,,,,,,M,24.0
Chloe,Yun Jiwon,윤지원,클로이,2001-01-06,Cignature,4/02/2020,C9,South Korea,,163.0,,Seoul,,,F,25.0
Choa,Park Choa,박초아,초아,1990-03-06,,,,South Korea,,160.0,42.0,Incheon,,AoA| AOA BLACK,F,36.0
Choa,Heo Minjin,허민진,초아,1990-07-12,Crayon Pop,18/07/2012,Chrome,South Korea,,161.0,,Seoul,,,F,36.0
Choerry,Choi Yerim,최예림,최리,2001-06-04,LOONA,20/08/2018,Blockberry,South Korea,,,,,Loona Odd Eye Circle| ARTMS,,F,25.0
Choi In,Choi In,최인,최인,1996-02-11,E'LAST,9/06/2020,E Entertainment,South Korea,,170.0,50.0,,,,M,30.0
Choi Jiann,Choi Jaewoo,최재우,최지안,1997-09-30,Newkidd,25/04/2019,J-FLO,South Korea,,175.0,,,,,M,29.0
Chorong,Park Chorong,박초롱,초롱,1991-03-03,Apink,19/04/2011,Plan A,South Korea,,165.0,,Chungwongoon,Chobom,,F,35.0
Chowon,Kim Chowon,김초원,초원,2005-08-18,ICHILLIN',8/09/2021,KM,South Korea,,,,,,,F,21.0
Chowon,Han Chowon,한초원,초원,2002-09-16,LIGHTSUM,10/06/2021,Cube,South Korea,,168.0,50.0,Seoul,,,F,24.0
Choyeon,Kim Choyeon,김초연,초연,2001-08-01,bugAboo,25/10/2021,A team,South Korea,,164.0,44.0,,,,F,25.0
Chris,Han Chris,한 크리스,크리스,2002-11-19,BLITZERS,12/05/2021,Wuzo,South Korea,,,,,,,M,24.0
Chungha,Kim Chungha,김청하,청하,1996-02-09,,,,South Korea,,,,Dallas,,I.O.I,F,30.0
Chunji,Lee Chanhee,이찬희,천지,1993-10-05,Teen Top,9/07/2010,TOP Media,South Korea,,,,Seongnam,,,M,33.0
Chuu,Kim Jiwoo,김지우,츄,1999-10-20,LOONA,20/08/2018,Blockberry,South Korea,,,,Cheongju,Loona yyxy,,F,27.0
CL,Lee Chaerin,이채린,씨엘,1991-02-26,2NE1,6/05/2009,YG,South Korea,,,,,,,F,35.0
CNU,Shin Dongwoo,신동우,신우,1991-06-16,B1A4,19/04/2010,WM,South Korea,,182.0,64.0,Seoul,,,M,35.0
Cory,Hong Joohyung,홍주현,코리,1990-11-25,24K,6/09/2012,Choeun,South Korea,USA,175.0,58.0,Daegu,,,M,36.0
Cui Xiang,Cui Xiang,최상,최상,1995-01-26,BOTOPASS,26/08/2020,WKS ENE,China,,,,,,ILUV,F,31.0
Cya,Lee Giwook,이기욱,키야,2000-01-24,Onewe,9/01/2019,RBW,South Korea,,,,,,MAS,M,26.0
Cyan,Lee Chaeeun,이채은,시안,2001-04-04,bugAboo,25/10/2021,A team,South Korea,,,,Sanbon,,,F,25.0
D.ana,Cho Eunae,조은애,디애나,1995-09-10,Sonamoo,29/12/2014,TS,South Korea,,170.0,,Seoul,,,F,31.0
D.O.,Do Kyungsoo,도경수,디오,1993-01-12,EXO,8/04/2012,SM,South Korea,,173.0,60.0,Gyeonggi,,,M,33.0
D1,Jang Dongil,장동일,디원,1998-02-15,DKB,3/02/2020,Brave,South Korea,,174.0,59.0,,,,M,28.0
Dabi,Park Jiwon,박지원,다비,2000-01-19,AREAL,21/08/2020,JZ Factory,South Korea,,,,,,MIDNIGHT,F,26.0
Daehwi,Lee Daehwi,이대휘,대휘,2001-01-29,AB6IX,22/05/2019,Brand New,South Korea,,,,Seoul,,Wanna One,M,25.0
Daehyeon,Jang Daehyeon,장대현,대현,1997-02-11,WEi,5/10/2020,OUI,South Korea,,175.0,,,,RAINZ,M,29.0
Daehyun,Jung Daehyun,정대현,대현,1993-06-28,B.A.P,27/01/2012,TS,South Korea,,177.0,63.0,Busan,,,M,33.0
Daeil,Kim Daeil,김대일,대일,1992-05-10,,,,South Korea,,,,Busan,,24K,M,34.0
Daesung,Daesung,강대성,대성,1989-04-26,BIGBANG,19/08/2006,YG,South Korea,,178.0,63.0,Incheon,,,M,37.0
Daeun,Jung Daeun,정다은,정다은,1994-06-03,2EYES,20/07/2013,SidusHQ,South Korea,,161.0,,Bucheon,,,F,32.0
Daewang Nim,Daewang Nim,대왕님,대왕님,1996-04-08,Pink Fantasy,28/10/2018,My Doll,South Korea,,162.0,49.0,,,,F,30.0
Daeyeol,Lee Daeyeol,이대열,대열,1993-02-11,Golden Child,28/08/2017,Woollim,South Korea,,,,Yongin,,,M,33.0
Dahye,Song Dahye,송다혜,다혜,1993-06-12,,,,South Korea,,,,,,EXID| BESTie,F,33.0
Dahyun,Jeong Dahyun,정다현,다현,2005-04-29,Rocket Punch,7/08/2019,Woollim,South Korea,,160.0,,,,,F,21.0
Dahyun,Seo Dahyun,서다현,다현,2003-01-08,tripleS,13/02/2023,MODHAUS,South Korea,,160.0,,Busan,,,F,23.0
Dahyun,Kim Dahyun,김다현,다현,1998-05-28,Twice,20/10/2015,JYP,South Korea,,165.0,,Seongnam,,,F,28.0
Dain,Song Jieun,송지은,다인,1990-06-25,,,,South Korea,,,,,,Wassup,F,36.0
Dain,Jung Dain,정다인,다인,2004-12-15,HOT ISSUE,17/05/2017,FNC,South Korea,,,,,,,F,22.0
Daisy,Yoo Jeongahn,유정안,데이지,1999-01-22,,,,South Korea,,,,Seoul,,MOMOLAND,F,27.0
Dajeong,Kim Dajeong,김다정,다정,1995-08-08,Hash Tag,11/10/2017,LUK,South Korea,,170.0,,Gwangju,,,F,31.0
Dajeong,Jung Dajeong,정다정,다정,2003-07-31,Pixy,24/02/2021,ALLART,South Korea,,157.0,42.0,,,,F,23.0
Dakyung,Jung Dakyung,정다경,다경,2001-07-23,Hi-L,11/08/2021,Kpop Live,South Korea,,,,,,,F,25.0
Dalyn,Lee Sohyun,이소현,달린,1999-08-27,ANS,16/09/2019,ANS,South Korea,,,,,,,F,27.0
Damhee,Park Damhee,박담희,담희,2000-06-21,ARTBEAT,16/11/2022,AB Creative,South Korea,,,,,,,F,26.0
Dami,Hong Dayoung,홍다영,담이,2001-06-07,ANS,16/09/2019,ANS,South Korea,,,,,,,F,25.0
Dami,Lee Yoobin,이유빈,다미,1997-03-07,Dreamcatcher,13/01/2017,Happy Face,South Korea,,163.0,,Seoul,,Minx,F,29.0
Damin,Kang Damin,강다민,다민,2004-03-24,Queenz Eye,24/10/2022,Big Mountain,South Korea,,166.0,42.0,Seoul,,,F,22.0
Damon,Hu Boohan,후보한,데이먼,1996-07-02,VARSITY,5/01/2017,GKC,China,,181.0,,,,,M,30.0
Dana,Jang Dana,장다나,다나,2003-12-25,HOT ISSUE,17/05/2017,FNC,South Korea,,,,,,,F,23.0
Dan-a,Park Seungyeon,박승연,단아,1993-06-26,Matilda,18/03/2016,Box,South Korea,,,160.0,,,,F,33.0
Daniel,Kang Daniel,강다니엘,다니엘,1996-12-10,Wanna One,7/08/2017,YMC,South Korea,,,,Busan,,,M,30.0
Danielle,Mo Jihye,모지혜,다니엘,2005-04-11,NewJeans,22/07/2022,ADOR,South Korea,Australia,165.0,,Munsan,,,F,21.0
Dann,Jung Seungbo,정승보,단,1997-11-01,Kingdom,18/02/2021,GF,South Korea,,178.0,,Ilsan,,VARSITY,M,29.0
Dany,Jeon Eunji,전은지,다니,1998-01-20,Ho1iday,26/04/2013,LOEN,South Korea,,,,,,,F,28.0
Daon,Ahn Seonil,안선일,다온,2000-12-10,DUSTIN,6/01/2020,LPA,South Korea,,,,,,,M,26.0
Dara,Park Sandara,박산다라,다라,1984-11-12,2NE1,6/05/2009,YG,South Korea,,,,,,,F,42.0
Daseul,Yang Daseul,양다슬,다슬,2000-09-14,Maka Maka,4/08/2020,Dreamus,South Korea,,,,,,,F,26.0
Dasom,Lee Dasom,이다솜,다솜,1993-11-13,2EYES,20/07/2013,SidusHQ,South Korea,,164.0,,Cheongju,,,F,33.0
Dasom,Kim Dasom,김다솜,다솜,1993-05-06,SISTAR,6/03/2010,Starship,South Korea,,,,,,,F,33.0
Dawon,Lee Dawon,이다원,다원,1996-12-02,ARIAZ,23/10/2019,Rising Star,South Korea,,,,,,,F,30.0
Dawon,Lee Sanghyuk,이상혁,다원,1995-07-24,SF9,5/10/2016,FNC,South Korea,,,,,,,M,31.0
Dawon,Cho Dawon,조다원,다원,2000-05-12,VARSITY,5/01/2017,GKC,South Korea,,183.0,69.0,,,,M,26.0
Dawon,Nam Dawon,남다원,다원,1997-03-16,WJSN,25/02/2016,Starship,South Korea,,167.0,,Seoul,,,F,29.0
Daye,Kim Hyunjung,김현정,다예,1998-02-25,Berry Good,21/05/2014,Asia Bridge,South Korea,,167.0,,,,,F,28.0
Dayeon,Kim Dayeon,김다연,다연,2003-03-02,Kep1er,1/03/2022,WakeOne,South Korea,,158.0,,,,,F,23.0
Dayeon,Hwang Da Kyeon,황연경,다연,1995-11-17,XUM,22/09/2020,A100,South Korea,,,,,,NeonPunch,F,31.0
Dayoung,Kim Dayoung,김다영,다영,1991-02-02,Blady,16/05/2011,Star Planet,South Korea,,,,Jeonju,,,F,35.0
Dayoung,Im Dayoung,임다영,다영,1999-05-14,WJSN,25/02/2016,Starship,South Korea,,161.0,,Jeju,WJSN Chocome,,F,27.0
Dayun,Kim Dayun,김다윤,다윤,2000-11-20,Bonus Baby,1/01/2017,Maroo,South Korea,,164.0,,,,,F,26.0
Della,Park Sehyun,박세현,델라,1995-09-03,Rockit Girl,30/05/2019,Rolling,South Korea,,,,,,,F,31.0
Denise,Kim Denise,김데니스,데니스,2001-01-11,SECRET NUMBER,19/05/2020,Vine,South Korea,USA,,,,,,F,25.0
Dey,Kim Sehyun,김세현,데이,2003-06-11,YOUNITE,20/04/2022,Brand New,South Korea,,,,,,,M,23.0
Dia,Kwak Minnyeong,곽민녕,디아,1999-09-03,Maka Maka,4/08/2020,Dreamus,South Korea,,,,,,,F,27.0
Dia,Choi Eunji,최은지,디아,2001-07-16,Pixy,24/02/2021,ALLART,South Korea,,165.0,,,,,F,25.0
Dino,Lee Chan,이찬,디노,1999-02-11,Seventeen,26/05/2015,Pledis,South Korea,,167.0,54.0,Iksan,,,M,27.0
Dita,Dita Karang,디타 가랑,디타,1996-12-25,SECRET NUMBER,19/05/2020,Vine,Indonesia,,,,Yogyakarta,,,F,30.0
DK,Kim Dokyun,김도균,닥,1998-02-16,BLANK2Y,24/05/2022,Keystone,South Korea,,,,,,,M,28.0
DK,Kim Donghyuk,김동혁,디케이,1997-01-03,iKON,15/09/2015,YG,South Korea,,,,,,,M,29.0
DK,Lee Seongmin,이석민,도겸,1997-02-18,Seventeen,26/05/2015,Pledis,South Korea,,178.0,68.0,Yongin,,,M,29.0
Doa,Im Youngseo,임영서,도아,2001-10-29,We;Na,5/09/2022,Shine E&M,South Korea,,158.0,44.0,,,,F,25.0
Do-A,Choi Yuna,최윤아,도아,1999-02-02,ALICE,1/07/2017,IOK Company,South Korea,,,,,,,F,27.0
Doah,Kim Doah,김도아,도아,2003-12-04,FANATICS,6/08/2019,FENT,South Korea,,163.0,42.0,,FANATICS FLAVOR,,F,23.0
Doha,Na Gyumin,나규민,도하,2004-03-07,BAE173,19/11/2020,PocketDol,South Korea,,,,,,,M,22.0
Doha,Park Doha,박도하,도하,1992-03-27,XEED,1/12/2022,Nature Space,South Korea,,175.0,65.0,Seoul,,,M,34.0
Dohee,Yoon Dohee,윤도희,도희,1999-09-24,,,,South Korea,,,,,,NeonPunch,F,27.0
Dohee,Kwon Dohee,권도희,도희,2002-08-01,Cignature,4/02/2020,C9,South Korea,,158.0,39.0,Seoul,,,F,24.0
Dohee,Min Dohee,민도희,도희,1994-09-25,Tiny-G,23/08/2012,GNG,South Korea,,152.0,39.0,,,,F,32.0
Dohwan,Gil Dohwan,길도환,도환,2003-08-26,Ciipher,15/03/2021,Rain,South Korea,,175.0,61.0,,,,M,23.0
Dohyon,Nam Dohyon,남도현,도현,2004-11-10,BAE173,19/11/2020,PocketDol,South Korea,,180.0,62.0,,,X1,M,22.0
Dohyuk,Kim Dohyuk,김도혁,도혁,1998-01-16,14U,17/04/2017,BG,South Korea,,,,,,,M,28.0
Doi,Kim Doi,김도이,도이,1994-04-12,FANATICS,6/08/2019,FENT,South Korea,,170.0,,,,,F,32.0
Dojin,Jeon Yongtae,전용태,도진,1997-03-07,ENOi,19/04/2019,KITHEWHALE,South Korea,,181.0,61.0,,,,M,29.0
Dokyun,Na Dokyun,나도균,도균,1991-02-11,HISTORY,26/04/2013,LOEN,South Korea,,184.0,65.0,Daejeon,,,M,35.0
Donggeon,Song Donggeon,송동건,동건,1999-07-15,TOO,1/04/2020,n.CH,South Korea,,,,,,,M,27.0
Donghae,Lee Donghae,이동해,동해,1986-10-15,Super Junior,6/11/2005,SM,South Korea,,176.0,60.0,Mokpo,Super Junior-M,,M,40.0
Donghan,Kim Donghan,김동한,동한,1998-07-03,WEi,5/10/2020,OUI,South Korea,,,,Daegu,,JBJ,M,28.0
Dongheon,Lee Dongheon,이동헌,동헌,1995-08-04,Verivery,1/09/2019,Jellyfish,South Korea,,,,,,,M,31.0
Donghun,Lee Donghun,이동훈,동훈,1993-05-15,A.C.E,23/05/2017,Beat,South Korea,,,,Suncheon,,,M,33.0
Donghyuk,Park Donghyuk,박동혁,동혁,1999-12-18,BLANK2Y,24/05/2022,Keystone,South Korea,,178.0,61.0,,,ENOi,M,27.0
Donghyun,Kim Donghyun,김동현,동현,1998-09-17,AB6IX,22/05/2019,Brand New,South Korea,,,,Daejeon,MXM,,M,28.0
Donghyun,Kim Donghyun,김동현,동현,1989-02-12,Boyfriend,26/05/2011,Starship,South Korea,,178.0,60.0,Seoul,,,M,37.0
Donghyun,Kim Donghyun,김동현,동현,1999-02-23,Golden Child,28/08/2017,Woollim,South Korea,,,,,,,M,27.0
Dongjun,Hwang Dongjun,황동준,동준,1999-09-07,,,,South Korea,,,,,,Ghost9,M,27.0
Dongjun,Kim Dongjun,김동준,동준,1992-02-11,ZE:A,7/01/2010,Star Empire,South Korea,,,,Busan,,,M,34.0
Dongkyu,Moon Dongkyu,문동규,동규,1992-11-16,Spectrum,9/05/2018,WYNN,South Korea,,,,,,,M,34.0
Dongmyeong,Son Dongmyeong,곤동명,동명,2000-01-20,Onewe,9/01/2019,RBW,South Korea,,,,,,MAS,M,26.0
Dongpyo,Son Dongpyo,손동표,동표,2002-09-09,Mirae,17/03/2021,DSP,South Korea,,166.0,48.0,,,X1,M,24.0
Dongwan,Kim Dongwan,김동완,동완,1979-11-21,Shinhwa,24/03/1998,SM| Good| Shinhwa,South Korea,,173.0,68.0,Pohang,,,M,47.0
Dongwon,Lee Dongwon,이동원,동원,1994-01-01,KNK,3/03/2016,YNB,South Korea,,184.0,,,,,M,32.0
Dongwoo,Jang Dongwoo,장동우,동우,1990-11-22,Infinite,9/06/2010,Woollim,South Korea,,171.0,58.0,Guri,Infinite H,,M,36.0
Dongwoon,Son Dongwoon,손동운,동운,1991-06-06,Highlight,14/10/2009,Around Us,South Korea,,181.0,64.0,Busan,,Beast,M,35.0
Dongyun,Kim Dongyun,김동윤,동윤,2002-02-18,DRIPPIN,26/10/2020,Woollim,South Korea,,177.0,61.0,,,,M,24.0
Doojoon,Yoon Doojoon,윤두준,두준,1989-07-04,Highlight,14/10/2009,Around Us,South Korea,,177.0,66.0,Goyang,,Beast,M,37.0
Doryun,Kim Doryun,킴도륜,도륜,2000-05-01,AIMERS,17/11/2022,Hyper Rhythm,South Korea,,,,,,,M,26.0
Dosie,Jang Eunseung,장은성,도시,2000-02-11,Purple Kiss,15/03/2021,RBW,South Korea,,,,,,,F,26.0
Douhyun,Yoo Douhyun,유도현,도현,2000-12-25,Mirae,17/03/2021,DSP,South Korea,,,,,,,M,26.0
Dowoon,Yoon Dowoon,윤도운,도운,1995-08-25,DAY6,7/09/2015,JYP,South Korea,,,,,,,M,31.0
Doyeon,Kim Doyeon,김도연,도연,1999-12-04,Weki Meki,8/08/2017,Fantagio,South Korea,,,,Incheon,I.O.I| WJMK,,F,27.0
Doyoung,Kim Dongyoung,김동영,도영,1996-02-01,NCT,9/04/2016,SM,South Korea,,,,Guri,NCT U| NCT 127,,M,30.0
Doyoung,Kim Doyoung,김도영,도영,2003-12-04,Treasure,7/08/2020,YG,South Korea,,,,,,,M,23.0
Duna,Kang Duna,강두나,두나,2005-04-28,CSR,27/07/2022,A2Z,South Korea,,,,Gangwon,,,F,21.0
DY,Jeon Doyum,전도염,도염,2002-02-21,JUST B,30/06/2021,Bluedot,South Korea,,175.0,55.0,Daejeon,,1the9,M,24.0
Dylan,Park Yeonjae,박연재,딜란,2002-07-26,D-CRUNCH,6/08/2018,All-S,South Korea,,,,,,,M,24.0
E.Ji,Choi Jiwon,최지원,이지,2000-11-08,ICHILLIN',8/09/2021,KM,South Korea,,,,,,,F,26.0
E.sha,Kwon Yena,권예나,이샤,1998-12-29,X:IN,11/04/2023,Escrow,Australia,South Korea,,,,,,F,28.0
E.sol,Jeon Jaehyuk,전재혁,이솔,1992-09-17,14U,17/04/2017,BG,South Korea,,,,,,,M,34.0
E:U,Park Jiwon,박지원,이유,1998-05-19,Everglow,18/03/2019,Yuehua,South Korea,,,,,,,F,28.0
E-Chan,Lee Changmin,이창민,이찬,1997-02-19,DKB,3/02/2020,Brave,South Korea,,178.0,63.0,,,,M,29.0
E'Dawn,Kim Hyojong,김효종,이던,1994-06-01,,,,South Korea,,,,,,PENTAGON,M,32.0
Eden,Jae Won,재원,이든,1998-03-27,NINE.i,30/03/2022,FirstOne,South Korea,,,,,,,M,28.0
EJ,Kim Eunji,김은지,이제이,1997-08-13,ALICE,1/07/2017,IOK Company,South Korea,,164.0,47.0,,,,F,29.0
Eli,Ellison Kim,엘리슨 킴,일라이,1991-03-13,U-KISS,28/08/2008,NH Media,USA,South Korea,,,Los Angeles,,,M,35.0
Elkie,Chong Ting Yan,쫑딩얀,엘키,1998-11-02,,,,Hong Kong,,163.0,45.0,Hong Kong,,CLC,F,28.0
Ella,Kim Kyungjoo,김경주,엘라,1998-03-26,,,,South Korea,,,,,,Cherry Bullet| Pixy,F,28.0
Ellin,Kim Minyoung,김민영,엘린,1990-04-02,Crayon Pop,18/07/2012,Chrome,South Korea,,165.0,44.0,Daegu,,,F,36.0
Elly,Jung Haerim,정해림,엘리,1998-07-20,Weki Meki,8/08/2017,Fantagio,South Korea,,,,,,,F,28.0
Ellyn,Bang Sunhee,방선희,엘린,2002-10-19,Girlkind,16/01/2018,Nextlevel,South Korea,,,170.0,,,,F,24.0
Elva,Lee Yonghwa,이용화,엘바,2003-05-05,ILY:1,4/04/2022,FC ENM,South Korea,,,,,,,F,23.0
Eric,Moon Junghyuk,문정혁,에릭,1979-02-16,Shinhwa,24/03/1998,SM| Good| Shinhwa,South Korea,,180.0,70.0,Seoul,,,M,47.0
Eric,Son Youngjae,손영재,에릭,2000-12-22,The Boyz,31/12/2017,Cre.Ker,South Korea,,171.0,56.0,,,,M,26.0
Eseo,Noh Hyunjung,노현정,이서,1996-03-04,LUNARSOLAR,2/09/2020,J Planet,South Korea,,161.0,,,,,F,30.0
Eson,Kim Jungmin,김정민,이슨,1996-12-28,We In The Zone,27/05/2019,Choon,South Korea,USA,177.0,63.0,Honolulu,,,M,30.0
E-tion,Lee Changyoon,이창윤,이션,1994-12-24,ONF,2/08/2017,WM,South Korea,,,,Jeonju,,,M,32.0
Euaerin,Lee Hyemin,이혜민,이유애린,1988-05-03,,,,South Korea,,174.0,48.0,Seoul,,9Muses,F,38.0
Euijin,Lee Euijin,이의진,의진,1990-02-15,Bigflo,19/07/2014,HO,South Korea,,,,Seoul,,,M,36.0
Euijin,Hong Euijin,홍의진,의진,1996-10-08,Sonamoo,29/12/2014,TS,South Korea,,168.0,,Gwangju,UNI.T,,F,30.0
Eun,Choi Eunmi,최은미,은,1990-05-14,Two X,20/08/2012,J. Tune,South Korea,,,,,,,F,36.0
Euna,,,은아,2003-05-25,We;Na,5/09/2022,Shine E&M,South Korea,,164.0,,,,,F,23.0
EunB,Shin Eunbi,신은비,은비,2000-09-17,Maka Maka,4/08/2020,Dreamus,South Korea,,,,,,Lip Bubble,F,26.0
EunB,Byun Eunbi,변은비,은비,2000-11-23,PRECIOUS,23/09/2020,Umi,South Korea,,164.0,49.0,Busan,,,F,26.0
Eunbi,Kwon Eunbi,권은비,은비,1995-09-27,IZ*ONE,29/10/2018,Off The Record,South Korea,,,,Seoul,,,F,31.0
Eunbin,Kwon Eunbin,권은빈,은빈,2000-01-06,CLC,19/03/2015,Cube,South Korea,,167.0,48.0,Seoul,,,F,26.0
Eunchae,Son Eunchae,손은채,은채,1999-10-06,bugAboo,25/10/2021,A team,South Korea,,154.0,38.0,Pohang,,,F,27.0
Eunchae,Kwon Chaewon,권채원,은채,1999-05-26,DIA,14/07/2015,MBK,South Korea,,,,,,,F,27.0
Eunchae,Hong Eunchae,홍은채,은채,2006-11-10,LE SSERAFIM,2/05/2022,Source,South Korea,,172.0,,,,,F,20.0
Eunchan,Choi Byeongseop,최병섭,은찬,2001-02-27,TEMPEST,2/03/2022,Yuehua,South Korea,,184.0,,,,,M,25.0
Eunha,Jung Eunbi,정은비,은하,1997-05-30,VIVIZ,9/02/2022,Big Planet Made,South Korea,,163.0,,Seoul,,Gfriend,F,29.0
Eunho,Shin Donggeun,신동근,은호,1992-09-10,UNVS,23/02/2020,CHITWN,South Korea,,,,,,,M,34.0
Eunho,Myung Eunho,명은호,은호,2001-03-25,YOUNITE,20/04/2022,Brand New,South Korea,,,,,,,M,25.0
Eunhyuk,Lee Hyukjae,이혁재,은혁,1986-04-04,Super Junior,6/11/2005,SM,South Korea,,176.0,58.0,Ilsan,Super Junior-M,,M,40.0
Eunice,Heo Sooyeon,허수연,유니스,1991-09-02,DIA,14/07/2015,MBK,South Korea,,166.0,49.0,Busan,,,F,35.0
Eunil,Kim Eunil,김은일,은일,2003-11-21,TRENDZ,5/01/2022,Interpark,South Korea,,,,,,,M,23.0
Eunjae,Kwak Eunjae,곽은재,은재,1996-05-02,14U,17/04/2017,BG,South Korea,,,,,,,M,30.0
Eunji,Jung Eunji,정은지,은지,1993-08-18,Apink,19/04/2011,Plan A,South Korea,,163.0,,Busan,,,F,33.0
Eunji,Hong Eunji,홍은지,은지,1992-07-19,Brave Girls,8/04/2011,Brave,South Korea,,,,Seoul,,,F,34.0
Eunjin,Ahn Eunjin,안은진,은진,1997-08-31,,,,South Korea,,170.0,49.0,Mokpo,,DIA,F,29.0
Eunjin,Moon Eunjin,문은진,은진,1998-11-05,Highteen,14/10/2016,Elijah,South Korea,,,,,,,F,28.0
Eunjin,Ma Eunjin,마은진,은진,1997-05-23,Playback,25/06/2015,Coridel,South Korea,,165.0,49.0,Wonju,,,F,29.0
Eunjo,Park Eunjo,박은조,은조,2002-03-07,Dreamnote,7/11/2018,iME,South Korea,,164.0,46.0,,,,F,24.0
Eunjun,Choi Eunjun,최은준,은준,1999-08-06,AIMERS,17/11/2022,Hyper Rhythm,South Korea,,,,,,Spectrum,M,27.0
Eunjung,Ham Eunjung,함은정,은정,1988-12-12,T-ara,29/07/2009,MBK,South Korea,,167.0,47.0,Seoul,,,F,38.0
Eunki,Hong Eunki,홍은기,은기,1997-09-29,,,,South Korea,,182.0,,,,RAINZ,M,29.0
Eunkwang,Seo Eunkwang,서은광,은광,1990-11-22,BtoB,21/03/2012,Cube,South Korea,,173.0,62.0,Yongin,,,M,36.0
Eunsang,Lee Eunsang,이은상,은상,2002-10-26,YOUNITE,20/04/2022,Brand New,South Korea,,180.0,58.0,,,X1,M,24.0
Eunseo,Son Juyeon,손주연,은서,1998-05-27,WJSN,25/02/2016,Starship,South Korea,,167.0,,Incheon,WJSN The Black,,F,28.0
Eunsung,Lee Eunsung,이은성,은성,2000-09-07,TheEastLight,15/11/2018,Stardium,South Korea,,,,,,,M,26.0
Eunwoo,Cha Eunwoo,차은우,은우,1997-03-30,ASTRO,23/02/2016,Fantagio,South Korea,,,,Gunpo,,,M,29.0
Eunwoo,Jeong Eunwoo,정은우,은우,1998-07-01,Hinapia,3/11/2019,Alseulbit,South Korea,,167.0,48.0,,Pristin V,Pristin,F,28.0
Eunyoung,Joo Eunyoung,주은영,은영,1992-06-12,Two X,20/08/2012,J. Tune,South Korea,,,,,,,F,34.0
Exy,Chu Sojung,추소정,엑시,1995-11-06,WJSN,25/02/2016,Starship,South Korea,,166.0,,Busan,WJSN The Black,,F,31.0
Eyedi,Nam Yujin,남유진,아이디,1995-12-08,,,,South Korea,,,,,,,F,31.0
E-Young,Noh Yiyoung,노이영,이영,1992-08-16,After School,15/01/2009,Pledis,South Korea,,,,Chuncheon,,,F,34.0
Fatou,Fatou Samba,파투 삼바,파투,1995-03-23,Blackswan,16/10/2020,DR,Belgium,Senegal,173.0,,Yoff,,,F,31.0
Fei,Wang FeiFei,왕페이페이,페이,1987-04-27,miss A,1/07/2010,JYP,China,,165.0,,Haikou,,,F,39.0
Felix,Lee Youngbok,이용복,필릭스,2000-09-15,Stray Kids,25/03/2018,JYP,South Korea,,,,Sydney,,,M,26.0
G.NA,Gina Jane Choi,최지나,지나,1987-09-13,,,,Canada,South Korea,167.0,,Edmonton,,,F,39.0
G.O,Jung Byunghee,정병희,지오,1987-11-06,MBLAQ,14/10/2009,J. Tune,South Korea,,,,Changwon,,,M,39.0
Gabin,Kim Gabin,김가빈,가빈,1989-09-18,Blady,16/05/2011,Star Planet,South Korea,,,,Busan,,,F,37.0
Gabin,Yoo Seunghyun,유승현,가빈,2001-09-11,JWiiver,17/02/2022,JTG,South Korea,,,,Busan,,,M,25.0
Gaeul,Park Gaeul,박가을,가을,1999-05-08,Favorite,5/07/2017,Astory,South Korea,,164.0,48.0,Seoul,,,F,27.0
Gaeul,Kim Gaeul,김가을,가을,2002-09-24,IVE,1/12/2021,Starship,South Korea,,166.0,46.0,Incheon,,,F,24.0
Gaeun,Cho Kaeun,조가은,가은,1992-07-28,,,,South Korea,,,,Changwon,,Dal Shabet,F,34.0
Gaeun,Lee Gaeun,이가은,가은,2000-07-18,ARTBEAT,16/11/2022,AB Creative,South Korea,,,,,,,F,26.0
Gaeun,Oh Gaeun,오가은,가은,2005-11-08,LIMELIGHT,17/02/2023,143,South Korea,,165.0,,,,,F,21.0
Gaga,Li Jia Jia,리 지아 지아,가가,1999-09-01,,,,China,,,,,,NATURE,F,27.0
Gaga,Lee Soobin,이수빈,가가,1994-11-10,Gate9,26/01/1999,JYP| SidusHQ,South Korea,,164.0,,,,,F,32.0
Gahyeon,Lee Gahyeon,이가현,가현,1999-02-03,Dreamcatcher,13/01/2017,Happy Face,South Korea,,,,Seongnam,,,F,27.0
Gain,Son Gain,손가인,가인,1987-09-20,Brown Eyed Girls,2/03/2006,Mystic,South Korea,,,,,,,F,39.0
Gaon,Beom Gaon,범가온,가온,2001-03-09,Bonus Baby,1/01/2017,Maroo,South Korea,,163.0,,,,,F,25.0
Garam,Kim Garam,김가람,가람,2005-11-16,,,,South Korea,,170.0,,,,LE SSERAFIM,F,21.0
Gayoon,Heo Gayoon,허가윤,가윤,1990-05-18,4minute,15/06/2009,Cube,South Korea,,165.0,,Seoul,2YOON,,F,36.0
Gayoung,Kim Gayoung,김가영,가영,1991-12-02,Stellar,28/08/2011,Pascal,South Korea,,,,Seoul,,,F,35.0
G-Dragon,Kwon Jiyong,권지용,지드래곤,1988-08-18,BIGBANG,19/08/2006,YG,South Korea,,177.0,58.0,Seoul,GD&TOP,,M,38.0
Genie,Cho Heejin,조희진,지니,2002-03-19,TRACER,3/04/2022,Gleamedia,South Korea,,,,,,,F,24.0
Geonu,Lee Geonwoo,이건우,건우,2001-02-02,JUST B,30/06/2021,Bluedot,South Korea,,176.0,,,,,M,25.0
Geumhee,Han Geumhee,한금희,금희,2005-03-04,CSR,27/07/2022,A2Z,South Korea,,,,Incheon,,,F,21.0
Geummi,Baek Boram,백보람,금미,1988-06-18,Crayon Pop,18/07/2012,Chrome,South Korea,,165.0,,Seoul,,,F,38.0
Gihwan,Kim Gihwan,김기환,기환,1993-11-24,SIGNAL,28/08/2019,J-Star,South Korea,,,,,,,M,33.0
Gijung,Kim Gijung,김기중,기중,2001-01-24,IM,4/04/2022,FC ENM,South Korea,,180.0,,,,,M,25.0
Gikwang,Lee Gikwang,이기광,기광,1990-03-30,Highlight,14/10/2009,Around Us,South Korea,,171.0,58.0,Gwangju,,Beast,M,36.0
Giru,Park Giru,박기루,기루,1991-08-14,Blady,16/05/2011,Star Planet,South Korea,,,,Incheon,,,F,35.0
Giselle,Uchinaga Aeri,우치나가 애리,지젤,2000-10-30,aespa,17/11/2020,SM,Japan,,166.0,,,,,F,26.0
Giseok,Jun Giseok,정기석,기석,1997-05-02,IM,4/04/2022,FC ENM,South Korea,,180.0,,,,,M,29.0
GK,Kim Kwanghyun,김광현,지케이,1998-09-29,DKB,3/02/2020,Brave,South Korea,,177.0,60.0,,,,M,28.0
Go_U,Jang Junho,고유,장준호,2001-06-15,BLITZERS,12/05/2021,Wuzo,South Korea,,,,,,,M,25.0
Goeun,Na Goeun,나고은,고은,1999-09-03,Purple Kiss,15/03/2021,RBW,South Korea,,160.0,44.0,,,,F,27.0
Gohn,Kim Dongsung,김동성,곤,1992-08-01,,,,South Korea,,,,Seoul,,Topp Dogg,M,34.0
Gohyeon,Go Hyeon,고현,고현,1994-10-01,14U,17/04/2017,BG,South Korea,,,,,,,M,32.0
Gon,Kim Seongjung,김성중,곤,1998-11-13,ARGON,11/03/2019,MSH,South Korea,,,,,,,M,28.0
Gongchan,Gong Chansik,공찬식,공찬,1993-08-14,B1A4,19/04/2010,WM,South Korea,,181.0,60.0,Suncheon,,,M,33.0
Gowon,Park Chaewon,박채원,고원,2000-11-19,LOONA,20/08/2018,Blockberry,South Korea,,,,,Loona yyxy,,F,26.0
Gowoon,Moon Yujeong,문유정,고운,1998-12-18,Berry Good,21/05/2014,Asia Bridge,South Korea,,167.0,,,,,F,28.0
Gracie,Kim Gaeun,김가운,그레이시,1996-10-28,H.U.B,9/02/2017,New Planet,South Korea,,,,,,,F,30.0
Gun,Kwak Gun,곽건,건,2001-09-29,14U,17/04/2017,BG,South Korea,,,,,,,M,25.0
Gunmin,Lee Gunmin,이건민,건민,1994-10-03,B.I.G,9/07/2014,GH,South Korea,,177.0,64.0,Gangwon,,,M,32.0
Gunwoo,Lee Gunwoo,이건우,건우,1989-01-30,MYNAME,27/10/2011,H2,South Korea,,,,Daejeon,,,M,37.0
Gunwoo,Kim Gunwoo,김건우,건우,2002-05-28,T1419,21/09/2007,CJ E&M,South Korea,,,,,,,M,24.0
Gyehyeon,Jo Gyehyeon,조계현,계현,1999-05-14,Verivery,1/09/2019,Jellyfish,South Korea,,,,,,,M,27.0
Gyeongtae,Kwon Gyeongtae,권경태,경태,2000-07-23,14U,17/04/2017,BG,South Korea,,,,,,,M,26.0
Gyujin,Han Gyujin,한규진,규진,1997-11-21,UP10TION,10/09/2015,TOP Media,South Korea,,,,Icheon,,,M,29.0
Gyuri,Jang Gyuri,장규리,규리,1997-12-27,,,,South Korea,,,,Seoul,,fromis_9,F,29.0
Gyuri,Park Gyuri,박규리,규리,1988-05-21,KARA,29/03/2007,DSP,South Korea,,,,Seoul,,,F,38.0
Habin,Yoo Habin,유하빈,하빈,2002-03-10,,,,South Korea,,165.0,48.0,,,Dreamnote,F,24.0
Haebin,Han Haebin,한해빈,해빈,1995-08-16,Gugudan,28/06/2016,Jellyfish,South Korea,,,,,,,F,31.0
Haechan,Lee Donghyuk,이동혁,해찬,2000-06-06,NCT,9/04/2016,SM,South Korea,,,,,NCT 127| NCT Dream,,M,26.0
Haein,Yeom Haein,염해인,해인,1995-05-19,LABOUM,27/08/2014,NH,South Korea,,162.0,45.0,Ojeonggu,,,F,31.0
Haemin,Jung Haemin,정해민,해민,2004-03-16,8TURN,30/01/2023,MNH,South Korea,,183.0,63.0,Cheonan,,,M,22.0
Haena,Jeon Eunbi,전은비,해나,2002-02-19,ANS,16/09/2019,ANS,South Korea,,,,,,,F,24.0
Haena,Lee Haena,이해나,해나,1991-06-02,Matilda,18/03/2016,Box,South Korea,,,165.0,,,,F,35.0
Haeri,Lee Haeri,이해리,해리,1985-02-14,Davichi,4/02/2008,CJ E&M,South Korea,,,,Seoul,,,F,41.0
Haeri,Jung Haeri,정해리,해리,1997-01-14,P.O.P,26/07/2017,DWM,South Korea,,,,Seoul,,,F,29.0
Haerin,Kang Haerin,강해린,해린,2006-05-15,NewJeans,22/07/2022,ADOR,South Korea,,165.0,,Gimcheon,,,F,20.0
Haeryeong,Na Haeryeong,나해령,해령,1994-11-11,BESTie,11/07/2013,YNB,South Korea,,,,,,,F,32.0
Haeun,Yoon Haeun,윤하은,하은,1999-03-12,3YE,21/05/2019,GH,South Korea,,163.0,,,,Apple.B,F,27.0
Haeun,Lee Haeun,윤하은,하은,2002-06-25,ARTBEAT,16/11/2022,AB Creative,South Korea,,157.0,,,,,F,24.0
Haeun,Lim Haeun,임하은,하은,2008-11-02,Lapillus,22/06/2022,MLD,South Korea,,,,,,,F,18.0
Haewon,Oh Haewon,오해원,해원,2003-02-25,NMIXX,22/02/2022,JYP,South Korea,,,,,,,F,23.0
Haeyeon,Lee Taeyeon,이태연,해연,1994-01-11,Gate9,26/01/1999,JYP| SidusHQ,South Korea,,161.0,,,,,F,32.0
Haeyoon,Park Haeyoon,박해윤,해윤,1996-01-10,Cherry Bullet,21/01/2019,FNC,South Korea,,157.0,43.0,,,,F,30.0
Hajeong,Lee Hajeong,이하정,하정,1997-09-23,,,,South Korea,,,,,,NeonPunch,F,29.0
Hakmin,Lee Hakmin,이학민,학민,2000-09-20,TRCNG,10/10/2017,TS,South Korea,,171.0,,,,,M,26.0
Hamin,Jo Hamin,조하민,하민,1997-10-24,ENOi,19/04/2019,KITHEWHALE,South Korea,,183.0,65.0,,,,M,29.0
Han,Han Jisung,한지성,한,2000-09-14,Stray Kids,25/03/2018,JYP,South Korea,,,,Incheon,3RACHA,,M,26.0
Han Geng,Han Geng,한경,한경,1984-02-09,,,,China,,181.0,66.0,Mudanjiang,,Super Junior,M,42.0
Han Hyeri,Han Hyeri,한혜리,한혜리,1997-08-24,I.B.I,29/10/2014,Star Crew,South Korea,,159.0,42.0,Gwangmyeong,,,F,29.0
Han Leeseul,Han Jiyoon,한지윤,한이슬,2000-02-12,Rockit Girl,30/05/2019,Rolling,South Korea,,,,,,,F,26.0
Hana,Shin Bora,신보라,하나,1993-04-30,Gugudan,28/06/2016,Jellyfish,South Korea,,,,,,,F,33.0
Hana,Hayase Hana,하야세 하나,하나,2000-02-27,ILY:1,4/04/2022,FC ENM,Japan,,165.0,,,,,F,26.0
Hana,Jung Hana,정하나,하나,1990-02-02,SECRET,13/10/2009,TS,South Korea,,,,Uljeongbu,,,F,36.0
Hanbin,Ngo Ngoc Hung,응오 응옥 흥,한빈,1998-01-19,TEMPEST,2/03/2022,Yuehua,Vietnam,,176.0,,,,,M,28.0
Hanbyeol,Ahn Hanbyeol,안한별,한별,2003-10-13,,,,South Korea,,166.0,44.0,,,Dreamnote,F,23.0
Hanbyul,Kyung Hanbyul,경한별,한별,2005-07-01,PRECIOUS,23/09/2020,Umi,South Korea,,167.0,49.0,Seoul,,,F,21.0
Handong,Han Dong,한동,한동,1996-03-26,Dreamcatcher,13/01/2017,Happy Face,China,,,,Wuhan,,,F,30.0
Haneul,Lee Haneul,이하늘,하늘,1996-06-03,ARGON,11/03/2019,MSH,South Korea,,175.0,,,,,M,30.0
Haneul,Choi Haneul,최하늘,하늘,2000-11-28,Saturday,18/07/2018,SD,South Korea,,158.0,43.0,,,,F,26.0
Hangyeom,Song Hangyeom,송한겸,한겸,1996-07-17,OMEGA X,17/10/2016,JT Corea,South Korea,,,,,,7 O'clock,M,30.0
Hangyul,Lee Hangyul,이한결,한결,1999-12-07,BAE173,19/11/2020,PocketDol,South Korea,,177.0,,,,X1| IM,M,27.0
Hani,Ahn Hee-yeon,안희연,하니,1992-05-01,EXID,16/02/2012,Yedang,South Korea,,168.0,,Seoul,,,F,34.0
Hankook,Cho Hankook,조한국,한국,2002-04-03,TRENDZ,5/01/2022,Interpark,South Korea,,,,Seoul,,,M,24.0
Hanna,Shin Jiyeon,신지연,한나,1994-02-19,MIXX,2/05/2016,Chiko,South Korea,,170.0,48.0,,,,F,32.0
Hannah,Bae Hyunyoung,배현영,해나,1999-10-23,Queenz Eye,24/10/2022,Big Mountain,South Korea,,,,Seongnam,,,F,27.0
Hanni,Pham Ngoc Han,팜응옥헌,하니,2004-10-06,NewJeans,22/07/2022,ADOR,Vietnam,,162.0,,Melbourne,,,F,22.0
Hanse,Do Hanse,도한세,한세,1997-09-25,VICTON,9/11/2016,Plan A,South Korea,,,,,,,M,29.0
Hansol,Kim Hansol,김한솔,한솔,1993-06-15,,,,South Korea,,,,Busan,,Topp Dogg,M,33.0
Hanwoom,Byun Hanwoom,변한움,한움,2001-06-05,PRECIOUS,23/09/2020,Umi,South Korea,,160.0,43.0,Seoul,,,F,25.0
Hara†,Koo Hara,구하라,하라,1991-01-13,KARA,29/03/2007,DSP,South Korea,,,,Gwangju,,,F,35.0
Haram,Shin Haram,신하람,하람,2007-10-17,BABYMONSTER,0/01/1900,YG,South Korea,,,,,,,F,19.0
Haram,Kim Haram,김하람,하람,2001-01-13,Billlie,10/11/2021,MYSTIC,South Korea,,161.0,45.0,,,,F,25.0
Hari,,,하리,2005-04-08,Girls' World,20/06/2002,Liz,Japan,,,,Kagoshima,,,F,21.0
Harin,Seo Harin,서하린,하린,2000-12-07,BOTOPASS,26/08/2020,WKS ENE,South Korea,,,,,,,F,26.0
Harin,,,하린,1995-11-21,Lusty,26/06/2019,babaplay,South Korea,,160.0,43.0,Seoul,,,F,31.0
Harin,Ju Harin,주하린,주하린,1998-03-29,Onewe,9/01/2019,RBW,South Korea,,,,,,MAS,M,28.0
Harin,Park Guenhye,박근혜,하린,2000-05-26,Pink Fantasy,28/10/2018,My Doll,South Korea,,164.0,48.0,,,,F,26.0
Harry-June,Han Harry-June,한해리준,해리준,2004-01-01,DKB,3/02/2020,Brave,South Korea,,178.0,61.0,,,,M,22.0
Haru,Han Sangsook,한상숙,하루,1994-07-06,Gate9,26/01/1999,JYP| SidusHQ,South Korea,,160.0,,Bucheon,,,F,32.0
Haru,Lee Yoojeong,이유정,하루,1997-02-26,Ho1iday,26/04/2013,LOEN,South Korea,,164.0,,,,MyB,F,29.0
Haru,Abe Haruno,아베 하루노,하루,2000-02-21,NATURE,3/08/2018,n.CH,Japan,,,,,,,F,26.0
Haruna,Osato Haruna,오사토 하루나,하루나,2006-01-30,Billlie,10/11/2021,MYSTIC,Japan,,,,,,,F,20.0
Haruto,Watanabe Haruto,와타나베 하루토,하루토,2004-04-05,Treasure,7/08/2020,YG,Japan,,,,,,,M,22.0
Haseul,Jo Haseul,조하슬,하슬,1997-08-18,LOONA,20/08/2018,Blockberry,South Korea,,,,Ansan,Loona 1/3,,F,29.0
Havit,Lee Havit,이하빛,하빛,1999-06-07,TRENDZ,5/01/2022,Interpark,South Korea,,,,Incheon,,,M,27.0
Hayoon,Jung Hayoon,정하윤,하윤,1998-11-21,Bonus Baby,1/01/2017,Maroo,South Korea,,163.0,,,,MyB,F,28.0
Hayoung,Oh Hayoung,오하영,하영,1996-07-19,Apink,19/04/2011,Plan A,South Korea,,167.0,,Seoul,,,F,30.0
Hayoung,Song Hayoung,송하영,하영,1997-09-29,fromis_9,24/01/2018,Off The Record,South Korea,,,,Gwangju,,,F,29.0
Hayoung,Lee Hayoung,이하영,하영,1993-08-03,Playback,25/06/2015,Coridel,South Korea,,,,,,,F,33.0
Hayoung,Choi Hayoung,최하영,하영,2000-08-22,TRCNG,10/10/2017,TS,South Korea,,181.0,,,,,M,26.0
Hayun,Lee Hayun,이하윤,하윤,1994-08-29,,,,South Korea,,,,Changwon,,Brave Girls,F,32.0
Hayun,Choi Hayun,최하윤,하윤,2004-01-16,Hi-L,11/08/2021,Kpop Live,South Korea,,,,Seoul,,,F,22.0
Heechan,Yang Heechan,양희찬,희찬,1999-07-31,DKB,3/02/2020,Brave,South Korea,,176.0,63.0,,,,M,27.0
Heechul,Kim Heechul,김희철,희철,1983-07-10,Super Junior,6/11/2005,SM,South Korea,,179.0,60.0,Hoengseong,,,M,43.0
Heechul,Jung Heechul,정희철,희철,1989-12-09,ZE:A,7/01/2010,Star Empire,South Korea,,,,Jeju,,,M,37.0
Heedo,Yoon Heedo,유희도,희도,1996-04-22,B.I.G,9/07/2014,GH,South Korea,,180.0,60.0,Seoul,,,M,30.0
Heejin,Song Heejin,송희진,희진,1995-08-19,Good Day,30/08/2017,C9,South Korea,,,,Seoul,,,F,31.0
Heejin,Jeon Heejin,전희진,희진,2000-10-19,LOONA,20/08/2018,Blockberry,South Korea,,,,Seongnam,Loona 1/3|ARTMS,,F,26.0
Heejoo,Jeon Heejoo,전희주,희주,1996-11-30,Ho1iday,26/04/2013,LOEN,South Korea,,,,,,MyB,F,30.0
Heejun,Oh Heejun,오희준,희준,1996-05-08,KNK,3/03/2016,YNB,South Korea,,180.0,61.0,,,,M,30.0
Heeo,Gwak Heeoh,곽히오,히오,1994-05-02,4TEN,26/08/2014,Jungle,South Korea,,,,,,,F,32.0
Heeseok,Yun Heeseok,윤희석,희석,1997-06-10,Limitless,9/07/2019,ONO,South Korea,,180.0,61.0,,,,M,29.0
Heeseung,Lee Heeseung,이희승,희승,2001-10-15,ENHYPEN,30/11/2020,Be:lift,South Korea,,,,,,,M,25.0
Heesu,Kim Heesu,김희수,희수,1998-03-24,Maka Maka,4/08/2020,Dreamus,South Korea,,,,,,,F,28.0
Heesun,Park Heesun,박희선,희선,2005-01-25,Pink Fantasy,28/10/2018,My Doll,South Korea,,162.0,45.0,,,,F,21.0
Heeyu,Choi Heejae,최희재,희유,1995-06-30,MIXX,2/05/2016,Chiko,South Korea,,159.0,,,,,F,31.0
Henny,Kang Gayoung,강가영,헤니,1994-12-01,,,,South Korea,,168.0,50.0,,,MIXX,F,32.0
Henry,Henry Lau,헨리 라우,헨리,1989-10-11,Super Junior-M,6/11/2005,SM,Canada,Hong Kong| Taiwan,176.0,63.0,Toronto,,,M,37.0
Heo Chan,Heo Chan,허찬,허찬,1995-12-14,,,,South Korea,,,,,,VICTON,M,31.0
High.D,Kim Dohee,김도희,하이디,1996-12-21,Sonamoo,29/12/2014,TS,South Korea,,165.0,,Suwon,,,F,30.0
HighTop,Lim Hyeontae,임현태,하이탑,1994-03-19,Bigflo,19/07/2014,HO,South Korea,,178.0,60.0,,,,M,32.0
Hikaru,Ezaki Hikaru,에자키 히카루,히카루,2004-03-12,Kep1er,1/03/2022,WakeOne,Japan,,155.0,,,,,F,22.0
Himchan,Kim Himchan,김힘찬,힘찬,1990-04-19,B.A.P,27/01/2012,TS,South Korea,,180.0,69.0,Seoul,,,M,36.0
Hina,Nagai Hina,나가이 히나,히나,2003-04-07,LIGHTSUM,10/06/2021,Cube,Japan,,,,Kanagawa,,,F,23.0
Hitomi,Honda Hitomi,혼다 히토미,히토미,2001-10-06,IZ*ONE,29/10/2018,Off The Record,Japan,,,,Toghichi,,,F,25.0
Hohyeon,Lee Hohyeon,이호현,호현,2001-10-14,TRCNG,10/10/2017,TS,South Korea,,177.0,,,,,M,25.0
Hojoon,Jeon Hojoon,전호준,호준,1992-10-31,Topp Dogg,1/04/2020,n.CH,South Korea,,,,Gwangju,,,M,34.0
Hojung,Go Hojung,고호정,호정,1994-10-20,HOTSHOT,29/10/2014,Star Crew,South Korea,,,,,,,M,32.0
Hongbin,Lee Hongbin,이홍빈,홍빈,1993-09-29,VIXX,24/05/2012,Jellyfish,South Korea,,181.0,62.0,Seoul,,,M,33.0
Honggi,Lee Honggi,이홍기,홍기,1990-03-02,FTISLAND,7/06/2007,FNC,South Korea,,,,Gwangju,,,M,36.0
Hongil,Yoon Hongil,윤홍일,홍일,1999-01-11,Astin,16/11/2022,AB Creative,South Korea,,,,,,,M,27.0
Hongjoong,Kim Hongjoong,김홍중,홍중,1998-11-07,ATEEZ,24/10/2018,KQ,South Korea,,171.0,,,,,M,28.0
Hongseob,Shim Hongseob,심홍섭,홍섭,1998-01-08,24K,6/09/2012,Choeun,South Korea,,177.0,58.0,,,,M,28.0
Hongseok,Yang Hongseok,양홍석,홍석,1994-04-17,PENTAGON,10/10/2016,Cube,South Korea,,,,,,,M,32.0
Hoon,Yeo Hoonmin,여훈민,훈,1991-08-16,U-KISS,28/08/2008,NH Media,South Korea,,,,Namyangju,,,M,35.0
Hoony,Lee Seunghoon,이승훈,승훈,1992-01-11,WINNER,12/08/2014,YG,South Korea,,,,Busan,,,M,34.0
Hoshi,Kwon Soonyoung,권순영,호시,1996-06-15,Seventeen,26/05/2015,Pledis,South Korea,,178.0,63.0,Namyangju,,,M,30.0
Hoya,Lee Howon,이호원,호야,1991-03-28,,,,South Korea,,178.0,60.0,Busan,Infinite H,Infinite,M,35.0
Hoyoung,Bae Hoyoung,배호영,호영,1998-08-10,Verivery,1/09/2019,Jellyfish,South Korea,,,,,,,M,28.0
Hueningkai,Kai Kamal Huening,카이 카말 휴닝,휴닝카이,2002-08-14,TXT,4/03/2019,Big Hit,USA,South Korea,,,,,,M,24.0
Hui,Liang Hui,양휘,양휘,1995-07-18,24K,6/09/2012,Choeun,China,,178.0,58.0,,,,M,31.0
Hui,Lee Hwitaek,이회택,후이,1993-08-28,PENTAGON,10/10/2016,Cube,South Korea,,,,,,,M,33.0
Huihyeon,Ki Huihyeon,기희현,희현,1995-06-16,DIA,14/07/2015,MBK,South Korea,,167.0,46.0,Namwon,,,F,31.0
Huijun,Noh Huijun,노휘준,휘준,2003-10-07,MCND,27/02/2020,TOP Media,South Korea,,,,,,,M,23.0
Huiyeon,Oh Huiyeon,오휘연,휘연,2005-08-01,,,,South Korea,,,,,,LIGHTSUM,F,21.0
Hunter,Papungkorn Lertkiatdamrong,빠팡콘 륵키앗둠롱,헌터,2005-10-05,xikers,30/03/2023,KQ,Thailand,,,,,,,M,21.0
Hwall,Heo Hyunjoon,허현준,활,2000-03-09,,,,South Korea,,178.0,56.0,Busan,,The Boyz,M,26.0
Hwanhee,Lee Hwanhee,이환희,환희,1998-05-06,UP10TION,10/09/2015,TOP Media,South Korea,,,,Daejeon,,,M,28.0
Hwani,Jo Sihyeon,조시환,화니,1994-11-16,DUSTIN,6/01/2020,LPA,South Korea,,,,,,,M,32.0
Hwanwoong,Yeo Hwanwoong,여환웅,환웅,1998-08-26,Oneus,9/01/2019,RBW,South Korea,,,,,,,M,28.0
Hwarang,Park Jonghan,박종찬,종찬,1995-12-05,Spectrum,9/05/2018,WYNN,South Korea,,,,,,,M,31.0
Hwarang,Son Jaewon,송재원,화랑,2001-04-23,TEMPEST,2/03/2022,Yuehua,South Korea,,179.0,61.0,,,,M,25.0
Hwasa,Ahn Hyejin,안혜진,화사,1995-07-23,Mamamoo,18/06/2014,RBW,South Korea,,162.0,44.0,Jeonju,,,F,31.0
Hweseung,Yoo Hweseung,유회승,회승,1995-02-28,N.Flying,20/05/2015,FNC,South Korea,,,,,,,M,31.0
Hwi,Lee Choonghyun,이충현,휘,1999-02-04,Ciipher,15/03/2021,Rain,South Korea,,172.0,61.0,,,,M,27.0
Hwi,Jo Mingyu,조민규,휘,2002-09-26,Newkidd,25/04/2019,J-FLO,South Korea,,,,,,,M,24.0
Hwi,Eun Hwi,은휘,휘,2004-11-11,TNX,17/05/2022,P NATION,South Korea,,,,Gangwon,,,M,22.0
Hwichan,Lee Heechan,이휘찬,휘찬,1996-04-18,Limitless,9/07/2019,ONO,South Korea,,,,,OMEGA X,,M,30.0
Hwiseo,Jo Hwihyeon,조휘현,화서,2002-07-31,H1-KEY,5/01/2022,GLG,South Korea,,168.0,,,,,F,24.0
Hwiyoung,Kim Youngkyun,김영균,휘영,1999-05-11,SF9,5/10/2016,FNC,South Korea,,,,,,,M,27.0
Hyangsuk,Lee Hyangsuk,이향숙,향숙,1991-04-24,2EYES,20/07/2013,SidusHQ,South Korea,,165.0,,Seoul,,,F,35.0
Hyebin,Kim Hyebin,김혜빈,혜빈,1997-03-29,AREAL,21/08/2020,JZ Factory,South Korea,,,,,,Rose Finger,F,29.0
Hyebin,Im Hyebin,임혜빈,혜빈,1999-11-10,Highteen,14/10/2016,Elijah,South Korea,,,,,,,F,27.0
Hyebin,Lee Hyebin,이혜빈,혜빈,1996-01-12,MOMOLAND,9/11/2016,Double Kick,South Korea,,165.0,44.0,Andong,,,F,30.0
Hyein,Lee Hyein,이혜인,혜인,2008-04-21,NewJeans,22/07/2022,ADOR,South Korea,,170.0,,Incheon,,,F,18.0
Hyejeong,Shin Hyejeong,신혜정,혜정,1993-08-10,AoA,30/07/2012,FNC,South Korea,,170.0,48.0,Seoul,,,F,33.0
Hyeji,Jeong Hyeji,정혜지,혜지,1992-04-02,4TEN,26/08/2014,Jungle,South Korea,,,,Seoul,,,F,34.0
Hyejin,Baek Hyejin,백혜진,혜진,1996-11-21,4TEN,26/08/2014,Jungle,South Korea,,,,Sacheon,,,F,30.0
Hyejin,Kang Hyejin,강혜진,혜진,2000-07-13,CRAXY,3/03/2020,SAITEINMENT,South Korea,,,,,,,F,26.0
Hyejoo,Park Hyunjoo,박현주,혜주,1999-01-12,Highteen,14/10/2016,Elijah,South Korea,,,,,,,F,27.0
Hyeju,Hong Hyeju,홍혜주,혜주,2003-12-09,CLASS:y,5/05/2022,Universal,South Korea,,166.0,,Seoul,,,F,23.0
Hyemi,Pyo Hyemi,표혜미,혜미,1991-04-03,9Muses,12/08/2010,Star Empire,South Korea,,171.0,46.0,Gwangju,9MUSES A,,F,35.0
Hyemi,Kim Hyemi,김혜미,혜미,1990-08-10,Fiestar,31/08/2012,LOEN,South Korea,,161.0,,Seoul,,,F,36.0
Hyeoeun,Lee Hyoeun,이효은,효은,1993-03-16,Stellar,28/08/2011,Pascal,South Korea,,,,Seoul,,,F,33.0
Hyeongjun,Song Hyeongjun,송형준,형준,2002-11-30,CRAVITY,14/04/2020,Starship,South Korea,,174.0,55.0,,,X1,M,24.0
Hyeongseok,Chu Hyeongseok,추형석,형석,2000-09-13,Astin,16/11/2022,AB Creative,South Korea,,,,,,,M,26.0
Hyeongshin,Kim Hyungshin,김형신,형신,2002-05-03,HOT ISSUE,17/05/2017,FNC,South Korea,,,,,,,F,24.0
Hyeran,Noh Hyeran,노혜란,혜란,1993-04-09,,,,South Korea,,,,,,Brave Girls,F,33.0
Hyeri,Lee Hyeri,이혜리,혜리,1994-06-09,Girl's Day,9/07/2010,DreamT,South Korea,,167.0,46.0,Gwangju,,,F,32.0
Hyerim,Woo Hyerim,우혜림,혜림 ,1992-09-01,Wonder Girls,13/02/2007,JYP,South Korea,,167.0,,Seoul,,,F,34.0
Hyerin,Kim Hyerin,김혜린,혜린,1993-06-13,2EYES,20/07/2013,SidusHQ,South Korea,,170.0,,Seoul,,,F,33.0
Hyerin,Seo Hyerin,서혜린,혜린,1993-08-23,EXID,16/02/2012,Yedang,South Korea,,165.0,,Gwangju,,,F,33.0
Hyerin,Jeong Hyerin,정혜린,혜린,2007-04-12,tripleS,13/02/2023,MODHAUS,South Korea,,,,,,,F,19.0
Hyewon,Kang Hyewon,강혜원,혜원,1999-07-05,IZ*ONE,29/10/2018,Off The Record,South Korea,,,,Yangsan,,,F,27.0
Hyeyeon,Cho Hyeyeon,조혜연,혜연,2000-08-05,,,,South Korea,,,,,Gugudan Oguogu,Gugudan,F,26.0
Hyeyeon,Kang Hyeyeon,강혜연,혜연,1990-12-08,BESTie,11/07/2013,YNB,South Korea,,,,,,EXID,F,36.0
Hyogyeong,Jang Hyogyeong,장효경,효경,1999-11-15,ARIAZ,23/10/2019,Rising Star,South Korea,,,,,,,F,27.0
Hyojin,Kim Hyojin,김효진,효진,1994-04-22,ONF,2/08/2017,WM,South Korea,,,,Seoul,,,M,32.0
Hyojung,Choi Hyojung,최효정,효정,1994-07-28,Oh My Girl,21/04/2015,WM,South Korea,,160.0,46.0,Yangyang,,,F,32.0
Hyomin,Park Sunyoung,박선영,효민,1989-05-30,T-ara,29/07/2009,MBK,South Korea,,167.0,43.0,Busan,,,F,37.0
Hyori,Inn Hyori,인효리,효리,2000-06-02,mimiirose,16/09/2022,YES IM,South Korea,,161.0,,,,,F,26.0
Hyorin,Kim Hyojung,김효정,효린,1990-12-11,SISTAR,6/03/2010,Starship,South Korea,,,,,SISTAR19,,F,36.0
Hyosun,Lim Hyosun,임효선,효선,1998-07-10,H.U.B,9/02/2017,New Planet,South Korea,,170.0,54.0,,,Kiwi Band,F,28.0
Hyosung,Jun Hyoseong,전효성,효성,1989-10-13,SECRET,13/10/2009,TS,South Korea,,,,Cheongju,,,F,37.0
Hyoyeon,Kim Hyoyeon,김효연,효연,1989-09-22,SNSD,4/08/2021,Good Luck,South Korea,,158.0,48.0,Incheon,,,F,37.0
Hyuk,Yang Hyuk,양혁,혁,2000-03-15,OMEGA X,17/10/2016,JT Corea,South Korea,,183.0,67.0,,,ENOi,M,26.0
Hyuk,Koo Bonhyuk,구본혁,혁,2000-04-17,TEMPEST,2/03/2022,Yuehua,South Korea,,,,,,,M,26.0
Hyuk,Han Sanghyuk,한상혁,혁,1995-07-05,VIXX,24/05/2012,Jellyfish,South Korea,,181.0,62.0,Daejeon,Big Byung,,M,31.0
Hyukjin,Jang Hyukjin,장혁진,혁진,1993-12-20,100%,18/09/2012,TOP Media,South Korea,,,,Busan,,,M,33.0
Hyun,Park Sunghyun,박성현,성현,1997-08-25,7 O'clock,26/08/2014,Jungle,South Korea,,176.0,58.0,Suwon,,,M,29.0
Hyuna,Moon Hyuna,문현아,현아,1987-01-19,,,,South Korea,,172.0,50.0,Yeosu,,9Muses,F,39.0
HyunA,Kim Hyuna,김현아,현아,1992-06-06,4minute,15/06/2009,Cube,South Korea,,164.0,,Jeolla,,Wonder Girls,F,34.0
Hyunbin,Moon Hyunbin,문현빈,현빈,2000-02-26,Ciipher,15/03/2021,Rain,South Korea,,177.0,61.0,,,,M,26.0
Hyunbin,Kwon Hyunbin,권현빈,현빈,1997-03-04,JBJ,18/10/2017,Fave,South Korea,,,,Seoul,,,M,29.0
Hyunbin,Kim Hyunbin,김현빈‬,현빈‬,2004-05-26,TRI.BE,17/02/2021,TR - Mellow,South Korea,,,,,,,F,22.0
Hyungseo,Myeong Hyeongseo,명형서,형서,2001-06-25,CLASS:y,5/05/2022,Universal,South Korea,,160.0,44.0,,,Busters,F,25.0
Hyungseok,Song Hyungseok,송형석,형석,2002-11-06,YOUNITE,20/04/2022,Brand New,South Korea,,,,,,,M,24.0
Hyungseop,Ahn Hyungseop,안형섭,형섭,1999-08-09,TEMPEST,2/03/2022,Yuehua,South Korea,,173.0,58.0,,HyeongseopXEuiwoong,,M,27.0
Hyungsik,Park Hyungsik,박형식,형식,1991-11-16,ZE:A,7/01/2010,Star Empire,South Korea,,,,Yongin,,,M,35.0
Hyungwon,Chae Hyungwon,채형원,형원,1994-01-15,MONSTA X,14/05/2014,Starship,South Korea,,,,Gwangju,,,M,32.0
Hyunho,Lee Hyunho,이현호,현호,1998-11-04,D-CRUNCH,6/08/2018,All-S,South Korea,,,,,,,M,28.0
Hyunjae,Lee Jaehyun,이재현,현재,1997-09-13,The Boyz,31/12/2017,Cre.Ker,South Korea,,180.0,62.0,,,,M,29.0
Hyunji,Kim Hyunji,김현지,현지,1992-06-30,Hash Tag,11/10/2017,LUK,South Korea,,165.0,,,,,F,34.0
Hyunjin,Kim Hyunjin,김현진,현진,2000-11-15,LOONA,20/08/2018,Blockberry,South Korea,,,,Jeonju,Loona 1/3,,F,26.0
Hyunjin,Hwang Hyunjin,황현진,현진,2000-03-20,Stray Kids,25/03/2018,JYP,South Korea,,,,Seoul,,,M,26.0
Hyunjoo,Lee Hyunjoo,이현주,현주,1998-02-05,UNI.T,18/05/2018,Unit Culture,South Korea,,,,Seoul,,APRIL,F,28.0
Hyunjun,Bae Hyunjun,배현준,현준,2003-06-06,ATBO,27/07/2022,IST,South Korea,,180.0,,Seoul,,,M,23.0
Hyunjun,Lee Hyunjun,이현준,현준,1999-12-21,IZ,31/08/2017,Music K,South Korea,,,,,,,M,27.0
Hyunkyung,Kim Hyunjong,김현종,현경,1998-09-05,Romeo,4/11/2015,CT,South Korea,,,,,,,M,28.0
Hyunmin,Byun Hyunmin,변현민,현민,1999-04-17,,,,South Korea,,170.0,,,,RAINZ,M,27.0
Hyunoh,Park Hyunoh,백현우,현우,1999-02-12,D-CRUNCH,6/08/2018,All-S,South Korea,,,,,,,M,27.0
Hyunseo,Go Hyunseo,고현서,현서,1999-06-17,,,,South Korea,,,,,,G-reyish,F,27.0
Hyunseong,Shim Hyunseong,심현성,현성,1993-06-09,Boyfriend,26/05/2011,Starship,South Korea,,178.0,58.0,Yeongcheon,,,M,33.0
Hyunseung,Jang Hyunseung,장현승,현승,1989-09-03,,,,South Korea,,177.0,58.0,Suncheon,Troublemaker,Beast,M,37.0
Hyunseung,Kim Hyunseung,김현승,현승,2002-10-15,YOUNITE,20/04/2022,Brand New,South Korea,,,,,,,M,24.0
Hyunsik,Lim Hyunsik,임현식,현식,1992-03-07,BtoB,21/03/2012,Cube,South Korea,,177.0,66.0,Ilsan,,,M,34.0
Hyunsoo,Kim Hyunsoo,김현수,현수,1995-04-12,D1CE,1/08/2019,Happyface,South Korea,,176.0,60.0,,,,M,31.0
Hyunsoo,Jang Hyunsoo,장현수,현수,2003-09-16,TNX,17/05/2022,P NATION,South Korea,,,,Sangju,,,M,23.0
Hyunsuk,Yoon Hyunsuk,윤현석,현석,2001-09-08,CIX,23/07/2019,C9,South Korea,,188.0,,,,,M,25.0
Hyunsuk,Choi Hyunsuk,최현석,현석,1999-04-21,Treasure,7/08/2020,YG,South Korea,,,,Daegu,,,M,27.0
Hyunuk,Han Hyunuk,한현욱,현욱,1994-09-26,IN2IT,27/01/2016,Star Empire,South Korea,,179.0,63.0,,,,M,32.0
Hyunwoo,Baek Hyunwoo,박현오,현오,1999-03-19,D-CRUNCH,6/08/2018,All-S,South Korea,,,,,,,M,27.0
Hyunwoo,Kim Hyunwoo,김현우,현우,2001-01-21,TRCNG,10/10/2017,TS,South Korea,,173.0,,,,,M,25.0
Hyunwoo,Choi Hyunwoo,최현우,현우,2004-12-04,xikers,30/03/2023,KQ,South Korea,,,,Gangwon,,,M,22.0
Hyunwook,Ji Hyunwook,지현욱,현욱,1998-07-01,D-CRUNCH,6/08/2018,All-S,South Korea,,,,,,,M,28.0
Hyunwoong,Kim Hyunwoong,김현웅,현웅,1998-02-08,14U,17/04/2017,BG,South Korea,,,,,,,M,28.0
Hyunyoung,Cho Hyunyoung,조현영,현영,1991-08-11,Rainbow,12/11/2009,DSP,South Korea,,160.0,41.0,Seoul,Rainbow Blaxx| Rainbow Pixie,,F,35.0
I,Cha Yoonji,차윤지,아이,1996-12-02,,,,South Korea,,,,Busan,,,F,30.0
I.L,Kim Jiwon,김지원,아이엘,1997-07-01,IRRIS,6/07/2022,Mellow,South Korea,,,,Daegu,,Good Day| RedSquare,F,29.0
I.M,Lim Changkyun,임창균,아이엠,1996-01-26,MONSTA X,14/05/2014,Starship,South Korea,,,,Gwangju,,,M,30.0
I.N,Yang Jeongin,양정인,아이엔,2001-02-08,Stray Kids,25/03/2018,JYP,South Korea,,,,Busan,,,M,25.0
Iaan,Yoo Dongju,유동주,이안,2002-03-22,XUM,22/09/2020,A100,South Korea,,,,,,NeonPunch,F,24.0
Ida,Ko Chaeyoung,고채영,아이다,2000-05-19,MAJORS,9/03/2021,ANS,South Korea,,163.0,43.0,,,,F,26.0
Ilhoon,Jung Ilhoon,정일훈,일훈,1994-10-04,BtoB,21/03/2012,Cube,South Korea,,176.0,64.0,Seoul,,,M,32.0
Inho,Hwang Inho,황인호,인호,1993-06-21,IN2IT,27/01/2016,Star Empire,South Korea,,177.0,58.0,,,,M,33.0
Inpyo,Lee Inpyo,이인표,인표,1995-08-14,IN2IT,27/01/2016,Star Empire,South Korea,,182.0,66.0,,,,M,31.0
Inseong,Jeong Inseong,정인성,인성,1994-07-01,KNK,3/03/2016,YNB,South Korea,,183.0,71.0,,,,M,32.0
Inseong,Kim Inseong,김인성,인성,1993-07-12,SF9,5/10/2016,FNC,South Korea,,,,,,,M,33.0
Insoo,Kang Insoo,강인수,인수,1988-03-10,MYNAME,27/10/2011,H2,South Korea,,,,Suwon,,,M,38.0
Intak,Hwang Intak,황인탁,인탁,2003-08-31,P1Harmony,28/10/2020,FNC,South Korea,,,,,,,M,23.0
Ireh,Cho Seoyoung,조서영,이레,2002-04-30,Purple Kiss,15/03/2021,RBW,South Korea,,,,,,,F,24.0
Irene,Bae Juhyun,배주현,아이린,1991-03-29,Red Velvet,1/08/2014,SM,South Korea,,161.0,,Daegu,Red Velvet - IRENE SEULGI,,F,35.0
Isa,Lee Chaeyoung,이채영,아이사,2002-01-23,STAYC,12/11/2020,Hi-Up,South Korea,,165.0,45.0,Busan,,,F,24.0
Isaac,Voo Isaak,부 아이젝,아이젝,1994-12-12,IN2IT,27/01/2016,Star Empire,Malaysia,,176.0,56.0,,,,M,32.0
Isol,,,이솔,1997-05-01,Lusty,26/06/2019,babaplay,South Korea,,166.0,48.0,Seoul,,,F,29.0
IU,Lee Jieun,이지은,아이유,1993-05-16,,,,South Korea,,162.0,,Seoul,,,F,33.0
Ivan,Park Yooseong,박유성,아이반,2001-10-12,Kingdom,18/02/2021,GF,South Korea,,,,,,,M,25.0
J,Lee Yeji,이예지,제이,1998-02-12,ANS,16/09/2019,ANS,South Korea,,,,,,,F,28.0
J,Jang Yeeun,장예은,제이,2004-12-09,STAYC,12/11/2020,Hi-Up,South Korea,,170.0,48.0,Daejeon,,,F,22.0
J.Min,Shin Minjung,신민정,제이민,1994-11-20,Tiny-G,23/08/2012,GNG,South Korea,,155.0,,,,,F,32.0
J.seph,Kim Taehyung,김태형,제이셉,1992-06-21,KARD,29/03/2007,DSP,South Korea,USA,,,,,,M,34.0
J.YOU,Kim Jaeyu,김제유,제유,2000-11-02,TOO,1/04/2020,n.CH,South Korea,,,,,,,M,26.0
Jackie,Kang Chaeyeon,강채연,재키,2001-11-17,ICHILLIN',8/09/2021,KM,USA,South Korea,,,Los Angeles,,,F,25.0
Jackson,Jackson Wang,잭슨 왕,잭슨,1994-03-28,GOT7,16/01/2014,JYP,Hong Kong,,174.0,63.0,Hong Kong,,,M,32.0
Jacob,Bae Joonyoung,배준영,제이콥,1997-05-30,The Boyz,31/12/2017,Cre.Ker,South Korea,Canada,175.0,60.0,Toronto,,,M,29.0
Jacob,Zhang Peng,장펑,제이콥,1996-09-07,VAV,31/10/2015,A team,China,,184.0,63.0,,,,M,30.0
Jae,Park Jaehyung,박제형,제이,1992-09-15,DAY6,7/09/2015,JYP,South Korea,Argentina|USA,,,Buenos Aires,,,M,34.0
Jaebin,Deung Bin,등빈,재빈,1997-02-13,VARSITY,5/01/2017,GKC,China,,168.0,,Hunan,,,M,29.0
Jaechan,Park Jaechan,박재찬,재찬,2001-12-06,Dongkiz,24/04/2019,Dongyo,South Korea,,177.0,58.0,,,,M,25.0
Jaehan,Kim Jaehan,김재한,재한,1995-07-01,OMEGA X,17/10/2016,JT Corea,South Korea,,,,,,Spectrum,M,31.0
Jaehee,Lee Jaehee,이재희,재희,2004-03-18,Weeekly,30/07/2020,Play M,South Korea,,166.0,,,,,F,22.0
Jaeho,Kim Jaeho,김재호,재호,1992-09-17,HISTORY,26/04/2013,LOEN,South Korea,,174.0,58.0,,,,M,34.0
Jaehwan,Kim Jaehwan,김재환,재환,1996-05-27,Wanna One,7/08/2017,YMC,South Korea,,,,Seoul,,,M,30.0
Jaehyo,Ahn Jaehyo,안재효,재효,1990-12-23,Block B,15/04/2011,KQ,South Korea,,182.0,60.0,Busan,,,M,36.0
Jaehyuk,Yoon Jaehyuk,윤재혁,재혁,2001-07-23,Treasure,7/08/2020,YG,South Korea,,,,,,,M,25.0
Jaehyun,Bong Jaehyun,봉재현,재현,1999-01-04,Golden Child,28/08/2017,Woollim,South Korea,,,,,,,M,27.0
Jaehyun,Kim Jaehyun,김재현,재현,1994-07-15,N.Flying,20/05/2015,FNC,South Korea,,,,Seoul,,,M,32.0
Jaehyun,Jung Yoonoh,정윤오,재현,1997-02-14,NCT,9/04/2016,SM,South Korea,,,,Seoul,NCT U| NCT 127,,M,29.0
Jaejin,Lee Jaejin,이재진,재진,1991-12-17,FTISLAND,7/06/2007,FNC,South Korea,,,,Cheongju,,,M,35.0
Jaejoong,Kim Jaejoong,김재중,재중,1986-01-26,JYJ,8/09/2010,C-JeS,South Korea,,,,Gongju,,TVXQ,M,40.0
Jaekyung,Kim Jaekyung,김재경,재경,1988-12-24,Rainbow,12/11/2009,DSP,South Korea,,168.0,45.0,Seoul,Rainbow Blaxx,,F,38.0
Jaemin,Na Jaemin,나재민,재민,2000-08-13,NCT,9/04/2016,SM,South Korea,,,,,NCT Dream,,M,26.0
Jaemin,Shin Jaemin,신재민,재민,1996-06-08,XEED,1/12/2022,Nature Space,South Korea,,,,,,,M,30.0
Jaeseok,Park Jaeseok,박재석,재석,1995-11-20,,,,South Korea,,,,,,Golden Child,M,31.0
Jaeun,Ha Jaeun,한재운,재운,1999-09-28,ARGON,11/03/2019,MSH,South Korea,,,,,,,M,27.0
Jaeyoon,Lee Jaeyoon,이재윤,재윤,1994-08-09,SF9,5/10/2016,FNC,South Korea,,,,,,,M,32.0
Jaeyun,Moon Jaeyun,문재윤,재윤,2002-07-02,8TURN,30/01/2023,MNH,New Zealand,South Korea,178.0,64.0,,,,M,24.0
Jaeyun,Lee Jaeyun,이재윤,이재윤,2000-08-16,TOO,1/04/2020,n.CH,South Korea,,,,,,,M,26.0
Jahan,Im Jihun,임지훈,자한,2002-08-01,Kingdom,18/02/2021,GF,South Korea,,,,,,,M,24.0
Jake,Shim Jaeyoon,심재윤,제이크,2002-11-15,ENHYPEN,30/11/2020,Be:lift,South Korea,Australia,,,,,,M,24.0
Jamie,Park Jimin,박지민,박지민,1997-07-05,15&,5/10/2012,JYP,South Korea,,160.0,,Junggu,,,F,29.0
Jane,Sung Jiyeon,성지연,제인,1997-12-20,MOMOLAND,9/11/2016,Double Kick,South Korea,,167.0,46.0,Changwon,,,F,29.0
Jangjun,Lee Jangjun,이장준,장준,1997-03-03,Golden Child,28/08/2017,Woollim,South Korea,,,,,,,M,29.0
Jay,Park Jongsung,박종성,제이,2002-04-20,ENHYPEN,30/11/2020,Be:lift,South Korea,United States,,,,,,M,24.0
Jay,Kim Jinhwan,김진환,제이,1994-02-07,iKON,15/09/2015,YG,South Korea,,,,Jeju,,,M,32.0
JB,Im Jaebum,임재범,제이비,1994-01-06,GOT7,16/01/2014,JYP,South Korea,,179.0,63.0,Goyang,,,M,32.0
Jea,Kim Hyojin,김효진,제아,1981-09-18,Brown Eyed Girls,2/03/2006,Mystic,South Korea,,,,,,,F,45.0
Jeewon,Kim Jiwon,김지원,지원,1999-04-01,Cignature,4/02/2020,C9,South Korea,,,,Busan,,Good Day,F,27.0
Jeff,Lee Jaeho,이재호,제프,2005-04-21,EPEX,8/06/2021,C9,South Korea,,179.0,61.0,,,,M,21.0
Jehyun,Moon Jehyun,문제현,제현,1999-04-20,OMEGA X,17/10/2016,JT Corea,South Korea,,,,,,1TEAM,M,27.0
Jei,Kim Jinhee,김진희,재이,1989-09-05,Fiestar,31/08/2012,LOEN,South Korea,,162.0,,Bucheon,,,F,37.0
Jen,Kim Yehyeon,김예현,젠,1997-03-27,UNVS,23/02/2020,CHITWN,South Korea,,,,,,,M,29.0
Jenissi,Kim Taeyang,김태양,제니씨,1991-08-02,,,,South Korea,,,,Seoul,,Topp Dogg,M,35.0
Jenna,Kim Minji,김민지,제나,2006-10-06,Queenz Eye,24/10/2022,Big Mountain,South Korea,,,,Changwon,,,F,20.0
Jennie,Kim Jennie,김제니,제니,1996-01-16,BLACKPINK,8/08/2016,YG,South Korea,,163.0,50.0,Anyang,,,F,30.0
Jenny,Lee Soyul,이소율,제니,1996-09-04,,,,South Korea,,165.0,47.0,Seoul,,DIA,F,30.0
Jeno,Lee Jeno,이제노,제노,2000-04-23,NCT,9/04/2016,SM,South Korea,,,,,NCT Dream,,M,26.0
Jeon Woong,Jeon Woong,전웅,전웅,1997-10-15,AB6IX,22/05/2019,Brand New,South Korea,,173.0,,,,,M,29.0
Jeonggyu,Lim Jeonggyu,임정규,정규,1997-11-05,7 O'clock,26/08/2014,Jungle,South Korea,,181.0,62.0,,,,M,29.0
Jeonghan,Yoon Jeonghan,윤정한,정한,1995-10-04,Seventeen,26/05/2015,Pledis,South Korea,,175.0,54.0,Seoul,,,M,31.0
Jeonghee,Go Jeonghee,고정희,정희,2000-03-11,Favorite,5/07/2017,Astory,South Korea,,,,Incheon,,,F,26.0
Jeongkyun,Jeong Jeongkyun,정정균,정균,1987-11-27,,,,South Korea,,180.0,60.0,,,N-Train| Bigflo,M,39.0
Jeongmin,Lee Jeongmin,이정민,정민,1994-02-01,Boyfriend,26/05/2011,Starship,South Korea,,173.0,60.0,Suwon,,,M,32.0
Jeongseung,Park Jeongseung,박정승,정승,2002-05-20,D-CRUNCH,6/08/2018,All-S,South Korea,,,,,,,M,24.0
Jeonguk,Kim Jeonguk,김정욱,정욱,1993-03-20,24K,6/09/2012,Choeun,South Korea,,178.0,58.0,Busan,,,M,33.0
Jeongwoo,Park Jeongwoo,박정우,정우,2004-09-28,Treasure,7/08/2020,YG,South Korea,,,,,,,M,22.0
Jeongyeon,Yoo Jeongyeon,유정연,정연,1996-11-01,Twice,20/10/2015,JYP,South Korea,,168.0,,Suwon,,,F,30.0
Jeonyul,Jeon Yuri,전유리,전율,1994-03-20,Stellar,28/08/2011,Pascal,South Korea,,,,Seoul,,,F,32.0
Jerome,Oh Sungmin,오성민,제롬,2001-08-25,TOO,1/04/2020,n.CH,South Korea,,,,,,,M,25.0
Jerrry,Ahn Sohyun,안소현,제리,1992-08-27,Tahiti,23/06/2012,J-line,South Korea,,,,Seoul,,,F,34.0
Jessica,Jessica Jung,제시카 정,제시카,1989-04-18,,,,South Korea,,,,,,SNSD,F,37.0
Jewon,Woo Jewon,우제원,제원,1998-11-28,NINE.i,30/03/2022,FirstOne,South Korea,,170.0,55.0,,,,M,28.0
J-Hoon,Lim Junghoon,임정훈,제이훈,1990-07-15,B.I.G,9/07/2014,GH,South Korea,,172.0,62.0,Seoul,,,M,36.0
J-Hope,Jung Hoseok,정호석,제이홉,1994-02-18,BTS,13/06/2013,Big Hit,South Korea,,177.0,65.0,Gwangju,,,M,32.0
Ji Hansol,Ji Hansol,지한솔,지한솔,1994-11-21,Newkidd,25/04/2019,J-FLO,South Korea,,182.0,63.0,Busan,,UNB,M,32.0
Jia,Yoon Jia,윤지아,지아,2004-01-16,mimiimiii,27/04/2015,Midas,South Korea,,166.0,,Incheon,,,F,22.0
Jia,Yoon Jia,윤지아,지아,2004-01-16,mimiirose,16/09/2022,YES IM,South Korea,,165.0,,Incheon,,,F,22.0
Jia,Meng Jia,멍지아,지아,1989-02-03,miss A,1/07/2010,JYP,China,,166.0,,Changja,,,F,37.0
Jia,Guo Jiajia,궈 지아지아,지아,2005-07-30,TRI.BE,17/02/2021,TR - Mellow,China,,,,,,,F,21.0
Jiae,Yoo Jiae,유지애,지애,1993-05-21,Lovelyz,17/11/2014,Woollim,South Korea,,163.0,43.0,Seoul,,,F,33.0
Jiae,Kim Jiae,김지애,지애,1995-10-31,Wassup,7/08/2013,Mafia,South Korea,,,,,,,F,31.0
Jiahn,Yoo Jiahn,유지안,지안,1992-04-01,IN2IT,27/01/2016,Star Empire,South Korea,,176.0,57.0,,,,M,34.0
Jian,Kim Jian,김지안,지안,2006-11-04,,,,South Korea,,,,,,LIGHTSUM,F,20.0
Jian,Kwon Jieun,권지은,지안,2001-03-14,LUNARSOLAR,2/09/2020,J Planet,South Korea,,,,,,S.E.T,F,25.0
Jibeom,Kim Jibeom,김지범,지범,1999-02-03,Golden Child,28/08/2017,Woollim,South Korea,,,,,,,M,27.0
Jieun,Park Jieun,박지은,지은,1997-09-04,,,,South Korea,,166.0,49.0,,,Purple Kiss,F,29.0
Jieun,Choi Jieun,최지은,지은,2001-03-03,Bling Bling,17/11/2020,Major9,South Korea,,,,,,,F,25.0
Jieun,Song Jieun,송지은,지은,1990-05-05,SECRET,13/10/2009,TS,South Korea,,,,Seoul,,,F,36.0
Jihan,Han Jihyo,한지효,지한,2004-07-12,Weeekly,30/07/2020,Play M,South Korea,,,,,,,F,22.0
Jiheon,Baek Jiheon,백지헌,지헌,2003-04-17,fromis_9,24/01/2018,Off The Record,South Korea,,,,Jeolla,,,F,23.0
Jiho,Kim Jiho,김지호,지호,1997-04-04,,,,South Korea,,165.0,49.0,Okcheon,,Oh My Girl,F,29.0
Jiho,Jang Jiho,장지호,지호,2004-08-10,NINE.i,30/03/2022,FirstOne,South Korea,,,,Gyeonggi,,,M,22.0
Jihoo,Lim Soojung,임수정,지후,1998-08-05,IZ,31/08/2017,Music K,South Korea,,,,,,,M,28.0
Jihoon,Park Jihoon,박지훈,지훈,2000-03-14,Treasure,7/08/2020,YG,South Korea,,,,Busan,,,M,26.0
Jihoon,Park Jihoon,박지훈,지훈,1999-05-29,Wanna One,7/08/2017,YMC,South Korea,,,,Masan,,,M,27.0
Jihun,Kim Jihun,김지훈,지훈,1995-02-20,KNK,3/03/2016,YNB,South Korea,,186.0,73.0,,,,M,31.0
Jihun,Kim Jihun,김지훈,지훈,2000-01-09,TRCNG,10/10/2017,TS,South Korea,,176.0,,Daegu,,,M,26.0
Jihyo,Lee Jihyo,이지효,지효,2001-04-22,PRECIOUS,23/09/2020,Umi,South Korea,,166.0,49.0,Gyeonggi,,,F,25.0
Jihyo,Park Jisoo,박지수,지효,1997-02-01,Twice,20/10/2015,JYP,South Korea,,162.0,,Guri,,,F,29.0
Jihyun,Nam Jihyun,남지현,지현,1990-01-09,4minute,15/06/2009,Cube,South Korea,,167.0,,Seoul,,,F,36.0
Jimin,Shin Jimin,신지민,지민,1991-01-08,,,,South Korea,,160.0,43.0,Seoul,AOA BLACK,AoA,F,35.0
Jimin,Park Jimin,박지민,지민,1995-10-13,BTS,13/06/2013,Big Hit,South Korea,,175.0,61.0,Busan,,,M,31.0
Jimin,Won Jimin,원지민,지민,2007-11-25,CLASS:y,5/05/2022,Universal,South Korea,,171.0,,,,,F,19.0
Jin,Kim Seokjin,김석진,진,1992-12-04,BTS,13/06/2013,Big Hit,South Korea,,179.0,63.0,Gwacheon,,,M,34.0
JIN,Park Myungeun,박명은,진,1996-06-12,Lovelyz,17/11/2014,Woollim,South Korea,,165.0,47.0,Busan,,,F,30.0
Jin Jin,Park Jinwoo,박진우,진진,1996-03-15,ASTRO,23/02/2016,Fantagio,South Korea,,,,Nowon,,,M,30.0
JinE,Shin Hyejin,신혜진,진이,1995-01-22,,,,South Korea,,160.0,48.0,Pohang,,Oh My Girl,F,31.0
Jingyu,Lee Jingyu,이진규,진규,1998-04-22,Astin,16/11/2022,AB Creative,South Korea,,,,,,,M,28.0
Jinha,Kim Jinha,김진하,진하,2003-11-21,TRI.BE,17/02/2021,TR - Mellow,South Korea,,,,,,,F,23.0
Jinho,Jo Jinho,조진호,조진호,1992-04-17,PENTAGON,10/10/2016,Cube,South Korea,,,,,,,M,34.0
Jinhong,Kim Jinhong,김진홍,진홍,1998-01-02,24K,6/09/2012,Choeun,South Korea,,180.0,53.0,Seoul,,,M,28.0
Jinhoo,Kim Jinwook,김진욱,진후,1995-08-02,UP10TION,10/09/2015,TOP Media,South Korea,,,,Changwon,,,M,31.0
Jinhui,,,진희,1996-11-21,Lusty,26/06/2019,babaplay,South Korea,,160.0,42.0,Seongnam,,,F,30.0
Jinhwa,Choi Jinhwa,최진화,진화,2002-01-15,BLITZERS,12/05/2021,Wuzo,South Korea,,180.0,64.0,,,,M,24.0
Jinju,Park Jinju,박진주,진주,1990-04-28,,,,South Korea,,,,,,Wassup,F,36.0
Jinkwon,Kim Jinkwon,김진권,진권,2001-01-31,Newkidd,25/04/2019,J-FLO,South Korea,,,,,,,M,25.0
Jinni,Choi Yujin,최윤진,지니,2004-04-16,,,,South Korea,,,,,,NMIXX,F,22.0
Jinny,Park Jinhee,박진희,지니,1998-01-19,SECRET NUMBER,19/05/2020,Vine,South Korea,USA,,,California,,,F,28.0
Jinsik,Han Jinsik,함진식,진식,2004-07-30,xikers,30/03/2023,KQ,South Korea,,,,Incheon,,,M,22.0
Jinsol,Lee Jinsol,이진솔,진솔,2001-12-04,APRIL,24/08/2015,DSP,South Korea,,,,Andong,,,F,25.0
JinSoul,Jung Jinsol,정진솔,진솔,1997-06-13,LOONA,20/08/2018,Blockberry,South Korea,,,,,Loona Odd Eye Circle| ARTMS,,F,29.0
Jinsung,Jung Jinsung,정진성,진성,2002-03-30,1the9,9/02/2019,MBK,South Korea,,176.0,58.0,Seoul,,,M,24.0
Jinu,Kim Jinwoo,김진우,진우,1991-09-26,WINNER,12/08/2014,YG,South Korea,,,,Imja,,,M,35.0
Jinwoo,Lee Jinwoo,이진우,진우,2004-09-13,Ghost9,23/09/2020,Maroo,South Korea,,176.0,57.0,,TEEN TEEN,,M,22.0
Jinyoung,Jung Jinyoung,정진영,진영,1991-11-18,,,,South Korea,,178.0,58.0,Chungju,,B1A4,M,35.0
Jinyoung,Bae Jinyoung,배진영,진영,2000-05-10,CIX,23/07/2019,C9,South Korea,,,,Seoul,,Wanna One,M,26.0
Jinyoung,Woo Jinyoung,우진영,진영,1997-05-31,D1CE,1/08/2019,Happyface,South Korea,,170.0,51.0,,,,M,29.0
Jinyoung,Park Jinyoung,박진영,진영,1994-09-22,GOT7,16/01/2014,JYP,South Korea,,178.0,63.0,Changwon,,,M,32.0
Jisan,Choi Jinsang,최지상,지산,1999-11-03,Hot Blood Youth,17/05/2017,FNC,South Korea,,,,,,,M,27.0
Jisoo,Kim Jisoo,김지수,지수,1995-01-03,BLACKPINK,8/08/2016,YG,South Korea,,162.0,45.0,Seoul,,,F,31.0
Jisoo,Jung Jisoo,정지수,지수,2003-11-22,Busters,27/11/2017,JTG,South Korea,,,,,,,F,23.0
Jisoo,Seo Jisoo,서지수,지수,1994-02-11,Lovelyz,17/11/2014,Woollim,South Korea,,165.0,46.0,Incheon,,,F,32.0
Jisoo,Shin Jisoo,신지수,지수,1994-02-28,Tahiti,23/06/2012,J-line,South Korea,,,,Chuncheon,,,F,32.0
Jisook,Kim Jisook,김지숙,지숙,1990-07-18,Rainbow,12/11/2009,DSP,South Korea,,164.0,41.0,Suwon,Rainbow Pixie,,F,36.0
Jisu,Choi Jisu,최지수,지수,2000-01-19,TOO,1/04/2020,n.CH,South Korea,,,,,,,M,26.0
Jisun,Roh Jisun,노지선,지선,1998-11-23,fromis_9,24/01/2018,Off The Record,South Korea,,,,Seoul,,,F,28.0
Jisun,Hwang Jisun,황지선,지선,1989-10-17,S#aFLA,14/07/2021,Winnerzone,South Korea,,165.0,46.0,,,Girl's Day| New F.O,F,37.0
Jisung,Park Jisung,박지성,지성,2002-02-05,NCT,9/04/2016,SM,South Korea,,,,,NCT Dream,,M,24.0
Jisung,Kim Jisung,김지성,지성,2000-12-21,TRCNG,10/10/2017,TS,South Korea,,171.0,,,,,M,26.0
Jisung,Yoon Jisung,윤지성,지성,1991-03-08,Wanna One,7/08/2017,YMC,South Korea,,,,Wonju,,,M,35.0
Jiu,Kim Minji,김민지,지유,1994-05-17,Dreamcatcher,13/01/2017,Happy Face,South Korea,,167.0,,Daejeon,,Minx,F,32.0
Jiung,Choi Jiwoong,최지웅,지웅,2001-10-07,P1Harmony,28/10/2020,FNC,South Korea,,,,,,,M,25.0
Jiwon,Park Jiwon,박지원,지원,1997-03-17,BOTOPASS,26/08/2020,WKS ENE,South Korea,,165.0,45.0,,,ILUV,F,29.0
Jiwon,Heo Jiwon,허지원,지원,2000-09-04,Cherry Bullet,21/01/2019,FNC,South Korea,,,,,,,F,26.0
Jiwon,Park Jiwon,박지원,지원,1998-03-20,fromis_9,24/01/2018,Off The Record,South Korea,,,,Busan,,,F,28.0
Jiwon,Yang Jiwon,양지원,지원,1988-04-05,UNI.T,18/05/2018,Unit Culture,South Korea,,,,Seoul,SPICA-S,SPICA,F,38.0
Jiwoo,Jeon Jiwoo,전지우,지우,1996-10-04,KARD,29/03/2007,DSP,South Korea,,,,,,,F,30.0
Jiwoo,Kim Jiwoo,김지우,지우,2005-04-13,NMIXX,22/02/2022,JYP,South Korea,,,,,,,F,21.0
Jiwoo,Lee Jiwoo,이지우,지우,2005-10-24,tripleS,13/02/2023,MODHAUS,South Korea,,,,,,,F,21.0
Jiyeon,Park Jiyeon,박지연,지연,1993-06-07,T-ara,29/07/2009,MBK,South Korea,,167.0,45.0,Seoul,,,F,33.0
Jiyoon,Shin Jiyoon,신지윤,지윤,2002-03-02,,,,South Korea,,,,,,Weeekly,F,24.0
Jiyoon,Jeon Jiyoon,전지윤,지윤,1990-10-15,4minute,15/06/2009,Cube,South Korea,,165.0,,Seoul,2YOON,,F,36.0
Jiyoon,Woo Jiyoon,우지윤,지윤,1996-01-06,Bolbbalgan4,22/04/2016,Shofar,South Korea,,,,Yeongju,,,F,30.0
Jiyoon,Jeong Jiyoon,정지윤,지윤,2000-09-15,ICHILLIN',8/09/2021,KM,South Korea,,168.0,,,,,F,26.0
Jiyou,Im Changsook,임창숙,지유,1989-06-15,Two X,20/08/2012,J. Tune,South Korea,,,,,,,F,37.0
Jiyoung,Ahn Jiyoung,안지영,지영,1995-09-14,Bolbbalgan4,22/04/2016,Shofar,South Korea,,,,Yeongju,,,F,31.0
Jiyoung,Kang Jiyoung,강지영,지영,1994-01-18,KARA,29/03/2007,DSP,South Korea,,,,Paju,,,F,32.0
Jiyul,Yang Jungyoon,양정윤,지율,1991-07-30,,,,South Korea,,,,Seoul,,Dal Shabet,F,35.0
JJ,Jun Jihyeok,전진혁,제이제이,1998-12-11,DUSTIN,6/01/2020,LPA,South Korea,,,,,,,M,28.0
JK,Kim Jikang,김지강,지강,1998-03-17,Girlkind,16/01/2018,Nextlevel,South Korea,,,161.0,,,,F,28.0
JM,Chu Jimin,추지민,지민,2001-10-11,JUST B,30/06/2021,Bluedot,South Korea,,173.0,,,,,M,25.0
J-Min,Jeon Minwook,전민욱,제이민,1999-10-16,BAE173,19/11/2020,PocketDol,South Korea,,,,,,,M,27.0
Johnny,John Seo,존 서,쟈니,1995-02-09,NCT,9/04/2016,SM,USA,,,,Chicago,NCT 127,,M,31.0
Johyun,Shin Jiwon,신지원,조현,1996-04-14,Berry Good,21/05/2014,Asia Bridge,South Korea,,,,,,,F,30.0
Jongho,Choi Jongho,최종호,종호,2000-10-12,ATEEZ,24/10/2018,KQ,South Korea,,176.0,,,,,M,26.0
Jonghoon,Choi Jonghoon,최종훈,종훈,1990-03-07,FTISLAND,7/06/2007,FNC,South Korea,,,,Seoul,,,M,36.0
Jonghwan,Jo Jonghwan,조종환,종환,1992-11-23,100%,18/09/2012,TOP Media,South Korea,,,,Seoul,,,M,34.0
Jonghyeong,Kim Jonghyeong,김종형,종형,2002-04-13,Dongkiz,24/04/2019,Dongyo,South Korea,,178.0,65.0,,,,M,24.0
Jonghyun,Lee Jonghyun,이종현,종현,1990-05-15,CNBLUE,14/01/2010,FNC,South Korea,,,,Busan,,,M,36.0
Jonghyun†,Kim Jonghyun,김종현,종현,1990-04-08,,,,South Korea,,173.0,56.0,Seoul,,SHINee,M,36.0
Jongseob,Kim Jongseob,김종섭,종섭,2005-11-19,P1Harmony,28/10/2020,FNC,South Korea,,173.0,,,,,M,21.0
Jongup,Moon Jongup,문종업,종업,1995-02-06,B.A.P,27/01/2012,TS,South Korea,,176.0,66.0,Seoul,,,M,31.0
JOO,Jung Minjoo,정민주,주,1990-10-11,,,,South Korea,,,,Seoul,,,F,36.0
Joo E,Lee Joowon,이주원,주이,1999-08-18,MOMOLAND,9/11/2016,Double Kick,South Korea,,164.0,45.0,Bucheon,,,F,27.0
JooA,Lee Juhyun,이주현,주아,2002-03-04,Hi-L,11/08/2021,Kpop Live,South Korea,,173.0,,,,,F,24.0
Jooan,Im Jimyoung,임지명,주안,1996-10-04,We In The Zone,27/05/2019,Choon,South Korea,,173.0,58.0,Dongtan,,,M,30.0
Joochan,Hong Joochan,홍주찬,주찬,1999-07-31,Golden Child,28/08/2017,Woollim,South Korea,,,,,,,M,27.0
Jooheon,Lee Jooheon,이주헌,주헌,1994-10-06,MONSTA X,14/05/2014,Starship,South Korea,,,,Daegu,,,M,32.0
Joohyoung,Kim Joohyoung,김주형,주형,2003-03-15,NINE.i,30/03/2022,FirstOne,South Korea,,,,,,,M,23.0
Joonie,Park Junhee,박준희,주니,2002-05-24,ICHILLIN',8/09/2021,KM,USA,South Korea,,,,,,F,24.0
Jooyeon,Lee Jooyeon,이주연,주연,1987-03-19,,,,South Korea,,,,Seoul,,After School,F,39.0
Joshua,Hong Jisoo,홍지수,조슈아,1995-12-30,Seventeen,26/05/2015,Pledis,USA,South Korea,176.0,63.0,Los Angeles,,,M,31.0
Joy,Park Sooyoung,박수영,조이,1996-09-03,Red Velvet,1/08/2014,SM,South Korea,,163.0,,Jeju,,,F,30.0
JR,Kim Jonghyun,김종현,제이알,1995-06-08,NU'EST,15/03/2012,Pledis,South Korea,,,,Gangwon,NU'EST W,,M,31.0
Judy,Kim Dahye,김다혜,주디,1995-05-16,Blackswan,16/10/2020,DR,South Korea,,,,,,,F,31.0
Jueun,Jo Jueun,조주은,주은,2001-01-27,ARIAZ,23/10/2019,Rising Star,South Korea,,,,,,,F,25.0
Jueun,Lee Jooeun,이주은,주은,1995-07-07,DIA,14/07/2015,MBK,South Korea,,,,Suwon,BinChaenHyunSeuS,,F,31.0
Juhaknyeon,Ju Haknyeon,주학년,주학년,1999-03-09,The Boyz,31/12/2017,Cre.Ker,South Korea,,175.0,58.0,Jeju,,,M,27.0
Juhan,Hong Seunghyun,홍승현,주한,2001-06-21,BLITZERS,12/05/2021,Wuzo,South Korea,,,,,,,M,25.0
Juhyeon,Lee Juhyeon,이주현,주현,2004-04-08,LIGHTSUM,10/06/2021,Cube,South Korea,,171.0,48.0,,,,F,22.0
Juhyun,Cha Juhyun,차주현,주현,2000-04-01,Bling Bling,17/11/2020,Major9,South Korea,,,,,,,F,26.0
Juju,Park Juyoung,박주영,쥬쥬,1996-01-03,Gate9,26/01/1999,JYP| SidusHQ,South Korea,,168.0,,Changwon,,,F,30.0
Jukang,Lee Hyowon,이효원,주강,2002-11-22,JWiiver,17/02/2022,JTG,South Korea,,186.0,,Daegu,,,M,24.0
Jun,Park Junhee,박준희,준,1994-06-02,A.C.E,23/05/2017,Beat,South Korea,,,,Jeolla,,,M,32.0
Jun,Weng Junhui,원쥔훼이,준,1996-06-10,Seventeen,26/05/2015,Pledis,China,,180.0,63.0,Shenzen,,,M,30.0
Jun,Lee Junyoung,이준영,준,1997-01-22,U-KISS,28/08/2008,NH Media,South Korea,,,,,,,M,29.0
Jun H.,Im Joonhyun,임준현,준현,1991-08-28,UNVS,23/02/2020,CHITWN,South Korea,,,,,,,M,35.0
Jun Jin,Park Choongjae,박충재,전진,1980-08-19,Shinhwa,24/03/1998,SM| Good| Shinhwa,South Korea,,182.0,75.0,Seoul,,,M,46.0
Jun. K,Kim Minjun,김민준,준케이,1988-01-15,2PM,4/07/2008,JYP,South Korea,,180.0,68.0,Daegu,,,M,38.0
Ju-ne,Koo Junhoe,구준회,준회,1997-03-31,iKON,15/09/2015,YG,South Korea,,,,Seoul,,,M,29.0
Jungah,Kim Jungah,김정아,정아,1983-08-02,,,,South Korea,,,,Incheon,,After School,F,43.0
Junghoon,Lee Junghoon,이정훈,정훈,2000-07-04,1TEAM,27/03/2019,LiveWorks,South Korea,,,,,,,M,26.0
Junghoon,Han Jeonghoon,한정훈,정훈,2000-02-14,OMEGA X,17/10/2016,JT Corea,South Korea,,177.0,61.0,,,ENOi,M,26.0
Junghoon,Kim Junghoon,김정훈,정훈,2005-07-05,xikers,30/03/2023,KQ,South Korea,,,,,,,M,21.0
Junghun,Jang Junghun,장정훈,정훈,1999-02-27,Astin,16/11/2022,AB Creative,South Korea,,,,,,,M,27.0
Junghwa,Park Junghwa,박정화,정화,1995-05-08,EXID,16/02/2012,Yedang,South Korea,,169.0,,Anyang,,EXID,F,31.0
Junghwan,So Junghwan,소정환,정환,2005-02-18,Treasure,7/08/2020,YG,South Korea,,,,,,,M,21.0
Jungkook,Jeon Jungkook,전정국,정국,1997-09-01,BTS,13/06/2013,Big Hit,South Korea,,178.0,66.0,Busan,,,M,29.0
Jungmo,Koo Jungmo,구정모,정모,2000-02-05,CRAVITY,14/04/2020,Starship,South Korea,,181.0,58.0,,,,M,26.0
Jungshin,Lee Jungshin,이정신,정신,1991-09-15,CNBLUE,14/01/2010,FNC,South Korea,,,,,,,M,35.0
Jungwon,Yang Jungwon,양정원,정원,2004-02-09,ENHYPEN,30/11/2020,Be:lift,South Korea,,,,,,,M,22.0
Jungwoo,Uhm Jungwoo,엄정우,정우,1999-04-02,BVNDIT,10/04/2019,MNH,South Korea,,,,,,,F,27.0
Jungwoo,Kim Jungwoo,김정우,정우,1998-02-19,NCT,9/04/2016,SM,South Korea,,,,,,,M,28.0
Junho,Lee Junho,이준호,준호,1990-01-25,2PM,4/07/2008,JYP,South Korea,,178.0,67.0,Ilsan,,,M,36.0
Junho,Cha Junho,차준호,준호,2002-07-09,DRIPPIN,26/10/2020,Woollim,South Korea,,178.0,63.0,,,X1,M,24.0
Junhyeok,Kim Junhyeok,임준혁,준혁,1993-07-17,,,,South Korea,,,,,,DAY6,M,33.0
Junhyeok,Cheon Junhyeok,천준혁,준혁,2004-09-20,TNX,17/05/2022,P NATION,South Korea,,,,Gyeonggi,,,M,22.0
Junhyuk,Choi Junhyuk,최준혁,준혁,1992-04-21,HOTSHOT,29/10/2014,Star Crew,South Korea,,,,Ulsan,,,M,34.0
Junhyuk,Lee Junhyuk,이준혁,이준혁,2000-05-16,Mirae,17/03/2021,DSP,South Korea,,180.0,63.0,Seoul,,,M,26.0
Junhyung,Son Junhyung,손준형,준형,2000-10-21,Ghost9,23/09/2020,Maroo,South Korea,,,,,,,M,26.0
Junhyung,Yong Junyung,용준형,준형,1989-12-19,Highlight,14/10/2009,Around Us,South Korea,,178.0,64.0,Seoul,,Beast,M,37.0
Junji,Kim Junhyung,김준형,준지,1998-04-06,OnlyOneOf,28/05/2019,RSVP,South Korea,,,,,,,M,28.0
Junkyu,Kim Junkyu,김준규,준규,2000-09-09,Treasure,7/08/2020,YG,South Korea,,,,,,,M,26.0
Junmin,Ryu Junmin,류준민,준민,2003-04-05,ATBO,27/07/2022,IST,South Korea,,172.0,,Jinju,,,M,23.0
Junmin,Park Junmin,박준민,준민,2003-05-24,xikers,30/03/2023,KQ,South Korea,,,,Seoul,,,M,23.0
JunQ,Kang Junkyu,강준규,준규,1993-08-09,MYNAME,27/10/2011,H2,South Korea,,,,Uljeongbu,,,M,33.0
Junseo,Park Junseo,박준서,준서,2001-12-28,BAE173,19/11/2020,PocketDol,South Korea,,,,,,,M,25.0
Junseo,Hwang Junseo,황준서,준서,2001-01-16,DKB,3/02/2020,Brave,South Korea,,182.0,67.0,,,,M,25.0
Junseo,Kim Junseo,김준서,준서,2001-11-20,WEi,5/10/2020,OUI,South Korea,,177.0,64.0,Ulsan,,1the9,M,25.0
Junseok,Oh Junseok,오준석,준석,2003-03-03,ATBO,27/07/2022,IST,South Korea,,174.0,,Jeju,,,M,23.0
Junseong,Choi Junseong,최준성,준성,2002-09-29,Ghost9,23/09/2020,Maroo,South Korea,,170.0,55.0,,,,M,24.0
Juntae,Kim Juntae,김준태,준태,1995-09-04,MY.st,26/03/2020,MYStar,South Korea,,,,,,,M,31.0
Junwook,Kim Junwook,김준욱,준욱,2002-01-10,TheEastLight,15/11/2018,Stardium,South Korea,,,,,,,M,24.0
Junyoung,Lee Junyoung,이준영,준영,2000-09-23,IZ,31/08/2017,Music K,South Korea,,,,,,,M,26.0
Juri,Takahashi Juri,타카하시 쥬리,쥬리,1997-10-03,Rocket Punch,7/08/2019,Woollim,Japan,,160.0,44.0,,,,F,29.0
J-Us,Lee Seungjoon,이승준,제이어스,1995-01-13,ONF,2/08/2017,WM,South Korea,,,,Seoul,,,M,31.0
Juyeon,Lee Juyeon,이주연,주연,2001-11-06,Saturday,18/07/2018,SD,South Korea,,164.0,44.0,,,,F,25.0
Juyeon,Lee Juyeon,이주연,주연,1998-01-16,The Boyz,31/12/2017,Cre.Ker,South Korea,,180.0,67.0,,,,M,28.0
K.Me,Na Miri,나미리,케이미,1992-04-10,BADKIZ,24/03/2014,Zoo,South Korea,,,,Yeosu,,,F,34.0
Kady,Gu Dokyoung,구도경,케이디,1995-04-07,Gate9,26/01/1999,JYP| SidusHQ,South Korea,,168.0,,Busan,,,F,31.0
Kaede,Yamada Kaede,야마다 카에데,카에데,2005-12-20,tripleS,13/02/2023,MODHAUS,Japan,,160.0,,Toyama,,,F,21.0
Kaeun,Lee Kaeun,이가은,가은,1994-08-20,After School,15/01/2009,Pledis,South Korea,,,,Seoul,,,F,32.0
Kahi,Park Jiyoung,박지영,가희,1980-12-25,,,,South Korea,,,,Daegu,,After School,F,46.0
Kai,Kim Jongin,김종인,카이,1994-01-14,EXO,8/04/2012,SM,South Korea,,182.0,65.0,Suncheon,SuperM,,M,32.0
Kain,Bang Junho,방준호,카인,1997-03-25,ARGON,11/03/2019,MSH,South Korea,,178.0,,,,,M,29.0
Kairi,Imai Kairi,이마이 카이리,카이리,2003-02-24,T1419,21/09/2007,CJ E&M,Japan,,,,,,,M,23.0
Kanghyun,Kang Hyungu,강현구,강현,1998-11-24,Onewe,9/01/2019,RBW,South Korea,,,,,,MAS,M,28.0
Kangin,Kim Youngwoon,김영운,강인,1985-01-17,,,,South Korea,,178.0,70.0,Seoul,,Super Junior,M,41.0
Kangmin,Noh Kangmin,노강민,강민,1999-09-05,Romeo,4/11/2015,CT,South Korea,,,,,,,M,27.0
Kangmin,Kim Kangmin,김강민,강민,2001-11-13,TRCNG,10/10/2017,TS,South Korea,,169.0,,,,,M,25.0
Kangmin,Yoo Kangmin,유강민,강민,2003-01-25,Verivery,1/09/2019,Jellyfish,South Korea,,,,,,,M,23.0
Kangsung,Lee Kangsung,이강성,강성,2002-08-08,Ghost9,23/09/2020,Maroo,South Korea,,,,,,,M,24.0
Karin,Min Karin,민가린,가린,2002-01-05,ALICE,1/07/2017,IOK Company,South Korea,,,,,,,F,24.0
Karin,Baek Yerin,백예린,카린,2000-04-23,CRAXY,3/03/2020,SAITEINMENT,South Korea,,,,,,,F,26.0
Karina,Yoo Jimin,유지민,카리나,2000-04-11,aespa,17/11/2020,SM,South Korea,,167.0,45.0,Gyeonggi,,,F,26.0
Kazuha,Nakamura Kazuha,나카무라 카즈하,카즈하,2003-08-09,LE SSERAFIM,2/05/2022,Source,Japan,,174.0,,Osaka,,,F,23.0
KB,Shin Kyubin,신규빈,규빈,1994-04-23,OnlyOneOf,28/05/2019,RSVP,South Korea,,,,,,,M,32.0
Keeho,Yoon Kiho,윤기호,기호,2001-09-27,P1Harmony,28/10/2020,FNC,Canada,,,,,,,M,25.0
Keena,Song Jakyung,송자경,키나,2002-07-09,FIFTY FIFTY,18/11/2022,ATTRAKT,South Korea,,164.0,45.0,,,,F,24.0
Kei,Kim Jiyeon,김지연,케이,1995-03-20,Lovelyz,17/11/2014,Woollim,South Korea,,162.0,47.0,Incheon,,,F,31.0
Keina,Lee Yoona,이유나,케이나,1999-02-12,H.U.B,9/02/2017,New Planet,South Korea,,,,,,,F,27.0
Keita,Terazono Keita,테라조노 케이타,케이타,2001-07-04,Ciipher,15/03/2021,Rain,Japan,,170.0,59.0,,,,M,25.0
Kelly,Lin Kelly,린 켈리,켈리,2002-01-16,TRI.BE,17/02/2021,TR - Mellow,Taiwan,,,,Kaohsiung,,,F,24.0
Ken,Lee Jaehwan,이재환,켄,1992-04-06,VIXX,24/05/2012,Jellyfish,South Korea,,180.0,65.0,Seoul,,,M,34.0
Kenta,Takada Kenta,타카다 켄타,켄타,1995-01-10,JBJ,18/10/2017,Fave,Japan,,,,Fujioka,,,M,31.0
Keonhee,Lee Keonhee,김건희,건희,1998-06-27,Oneus,9/01/2019,RBW,South Korea,,,,,,,M,28.0
Keonwoo,Kim Keonwoo,김건우,건우,1996-12-17,MY.st,26/03/2020,MYStar,South Korea,,,,,,,M,30.0
Keum,Keum Donghyun,금동현,금,2003-05-14,EPEX,8/06/2021,C9,South Korea,,176.0,57.0,Okcheon,,,M,23.0
Keumjo,Lee Keumjo,이금조,금조,1992-12-17,9Muses,12/08/2010,Star Empire,South Korea,,167.0,48.0,Daegu,9MUSES A,,F,34.0
Kevin,Park Jinwoo,박진우,케빈,2000-01-12,OMEGA X,17/10/2016,JT Corea,South Korea,,167.0,51.0,,,ENOi,M,26.0
Kevin,Baek Seungbin,백승빈,케빈,2001-04-08,T1419,21/09/2007,CJ E&M,South Korea,,,,,,,M,25.0
Kevin,Moon Hyungseo,문형서,케빈,1998-02-23,The Boyz,31/12/2017,Cre.Ker,Canada,South Korea,176.0,66.0,,,,M,28.0
Kevin,Christopher Woo,크리스토퍼 우,케빈,1991-11-25,U-KISS,28/08/2008,NH Media,USA,South Korea,,,Los Angeles,,,M,35.0
Kevin,Kevin Jiyeop Kim,케빈 지엽 킴,케빈,1988-02-23,ZE:A,7/01/2010,Star Empire,South Korea,Australia,,,Sydney,,,M,38.0
Key,Kim Kibum,김기범,키,1991-09-23,SHINee,25/05/2008,SM,South Korea,,179.0,59.0,Daegu,Toheart,,M,35.0
Khael,Lee Sangmin,이상민,카엘,2002-01-18,Mirae,17/03/2021,DSP,South Korea,,178.0,58.0,,,,M,24.0
Kiara,Baek Jinjoo,백진주,키아라,1998-08-20,,,,South Korea,,,,,,,F,28.0
Kibum,Kim Kibum,김기범,기범,1987-08-21,,,,South Korea,,179.0,58.0,Seoul,,Super Junior,M,39.0
Kichun,Hwang Kichun,황기천,기천,1992-03-14,,,,South Korea,,179.0,63.0,,,Bigflo,M,34.0
Kid,Kim Junhoe,김준회,키드,1995-10-26,VARSITY,5/01/2017,GKC,South Korea,,177.0,58.0,,,,M,31.0
Kidoh,Jin Hyosang,진효상,키도,1992-12-16,,,,South Korea,,,,Seoul,,Topp Dogg,M,34.0
Kihyun,Yoo Kihyun,유기현,기현,1993-11-22,MONSTA X,14/05/2014,Starship,South Korea,,,,Goyang,,,M,33.0
Kim Lip,Kim Jungeun,김정은,김립,1999-02-10,LOONA,20/08/2018,Blockberry,South Korea,,,,,Loona Odd Eye Circle| ARTMS,,F,27.0
Kim Sanggyun,Kim Sanggyun,김상균,김상균,1995-05-23,JBJ95,30/10/2018,Hunus,South Korea,,,,Gwangju,JBJ,Topp Dogg| XENO-T,M,31.0
Kim Yoon,Kim Seongsu,김성수,김윤,1994-02-17,DUSTIN,6/01/2020,LPA,South Korea,,183.0,65.0,,,,M,32.0
Kino,Kang Hyungku,강형구,키노,1998-01-27,PENTAGON,10/10/2016,Cube,South Korea,,,,,,,M,28.0
Kio,Udo Musashi,우도 무사시,키오,2004-11-28,T1419,21/09/2007,CJ E&M,South Korea,,,,,,,M,22.0
Kiseop,Lee Kiseop,이기섭,기섭,1991-01-17,U-KISS,28/08/2008,NH Media,South Korea,,,,Seongnam,,,M,35.0
Kisu,Choi Kisu,최기수,기수,1990-10-02,24K,6/09/2012,Choeun,South Korea,,179.0,60.0,Seoul,,,M,36.0
Kiwon,Lee Kiwon,이기원,기원,1996-06-27,GIDONGDAE,3/04/2013,Simtong,South Korea,,170.0,,,,RAINZ,M,30.0
Kokoro,Kato Kokoro,카토 코코로,코코로,2000-11-01,,,,Japan,,,,,,Cherry Bullet,F,26.0
Kongyeol,Go Minsoo,고민수,고결,1996-05-19,UP10TION,10/09/2015,TOP Media,South Korea,,,,Bucheon,,,M,30.0
Kongyoo,Kong Yoojin,공유진,공유,2001-05-11,Bonus Baby,1/01/2017,Maroo,South Korea,,163.0,,,,,F,25.0
Kookheon,Kim Kookheon,김국헌,국헌,1997-04-15,B.O.Y,20/01/2020,Music Works,South Korea,,,,,,MYTEEN,M,29.0
Kotone,Kamimoto Kotone,카미모토 코토네,코토네,2004-03-10,tripleS,13/02/2023,MODHAUS,Japan,,162.0,,Tokyo,,,F,22.0
Kriesha Chu,Kriesha Ziskind Teo Tiu,크리샤 지스킨드 테오 티우,크리샤 츄,1998-12-20,,,,Philippines,,,,Cebu,,,F,28.0
Kris,Wu Yifan,오역범,크리스,1990-11-06,,,,Canada,China,187.0,73.0,Guangzhou,,EXO,M,36.0
Krystal,Krystal Jung,크리스탈 정,크리스탈,1994-10-24,f(x),5/09/2009,SM,South Korea,,165.0,,San Francisco,,,F,32.0
Kuhn,Noh Sooil,노수일,쿤,1995-11-11,UP10TION,10/09/2015,TOP Media,South Korea,,,,Ansan,,,M,31.0
Kun,Qian Kun,첸쿤,쿤,1996-01-01,NCT,9/04/2016,SM,China,,,,,,,M,30.0
Kwanghee,Hwang Kwanghee,황광희,광희,1988-08-25,ZE:A,7/01/2010,Star Empire,South Korea,,,,Paju,,,M,38.0
Kwangjin,Kwon Kwangjin,권광진,광진,1992-08-12,N.Flying,20/05/2015,FNC,South Korea,,,,Seoul,,CNBLUE,M,34.0
Kwangmin,Jo Kwangmin,조광민,광민,1995-04-24,Boyfriend,26/05/2011,Starship,South Korea,,180.0,,Anyang,,,M,31.0
Kyeongheon,Yoon Kyeongheon,윤경헌,경헌,1998-01-06,We In The Zone,27/05/2019,Choon,South Korea,,175.0,60.0,Suncheon,,,M,28.0
Kyla,Kyla Massie,카일라 매시,카일라,2001-12-26,Pristin,21/03/2017,Pledis,USA,South Korea,,,California,,,F,25.0
Kyle,Ma Jaekyung,마재경,카일,1997-01-15,Romeo,4/11/2015,CT,South Korea,,,,,,,M,29.0
Kyrin,Park Geumju,박금주,카이린,2000-02-23,Girls' World,20/06/2002,Liz,South Korea,,156.0,,Daejeon,,,F,26.0
Kyuhwan,Lee Kyuhwan,이규환,규환,1994-09-18,SIGNAL,28/08/2019,J-Star,South Korea,,,,,,E7,M,32.0
Kyuhyuk,Shim Kyuhyuk,심규혁,규혁,1995-01-11,Hot Blood Youth,17/05/2017,FNC,South Korea,,,,,,,M,31.0
Kyuhyun,Cho Kyuhyun,조규현,규현,1988-02-03,Super Junior,6/11/2005,SM,South Korea,,180.0,68.0,Seoul,Super Junior-M,,M,38.0
Kyujin,Jang Kyujin,장규진,규진,2006-05-26,NMIXX,22/02/2022,JYP,South Korea,,,,,,,F,20.0
Kyulkyung,Zhou Jieqiong,저우제충,결경,1998-12-16,Pristin,21/03/2017,Pledis,China,,167.0,49.0,Taizhou,I.O.I| Pristin V,,F,28.0
Kyungho,Jang Kyungho,장경호,경호,2001-05-07,TOO,1/04/2020,n.CH,South Korea,,,,,,,M,25.0
Kyungil,Song Kyungil,송경일,경일,1987-11-28,HISTORY,26/04/2013,LOEN,South Korea,,183.0,72.0,,,,M,39.0
Kyungjun,Woo Kyungjun,우경준,경준,2002-08-30,TNX,17/05/2022,P NATION,South Korea,,,,Seoul,,,M,24.0
Kyungmin,Jo Kyungmin,조경민,경민,2004-10-28,8TURN,30/01/2023,MNH,South Korea,,187.0,60.0,Gyeonggi,,,M,22.0
Kyungmun,Lim Kyungmun,임경문,경문,2003-06-29,YOUNITE,20/04/2022,Brand New,South Korea,,,,,,,M,23.0
Kyungri,Park Kyungri,박경리,경리,1990-07-05,9Muses,12/08/2010,Star Empire,South Korea,,170.0,50.0,Busan,9MUSES A,,F,36.0
Kyungyoon,Lee Kyungyoon,이경윤,경윤,2000-02-21,Dongkiz,24/04/2019,Dongyo,South Korea,,177.0,58.0,,,,M,26.0
L,Kim Myungsoo,김명수,엘,1992-03-13,Infinite,9/06/2010,Woollim,South Korea,,180.0,60.0,Seoul,Infinite F,,M,34.0
L.Joe,Lee Byunghun,이병헌,엘조,1993-11-23,,,,South Korea,,,,Gunsan,,Teen Top,M,33.0
Lai Kuanlin,Lai Kuanlin,라이관린,라이관린,2001-09-23,Wanna One,7/08/2017,YMC,Taiwan,,,,New Taipei,,,M,25.0
Laon,Shin Kyuhyun,신규현,라온,1995-12-19,ENOi,19/04/2019,KITHEWHALE,South Korea,,177.0,60.0,,,,M,31.0
Lara,Moon Shinae,문신애,라라,2000-08-09,Dreamnote,7/11/2018,iME,South Korea,,161.0,44.0,,,,F,26.0
Laun,Kim Minseok,김민석,라운,1999-08-12,,,,South Korea,,,,Seongsan,,ONF,M,27.0
Lay,Zhang Yixing,장이씽,레이,1991-10-07,EXO,8/04/2012,SM,China,,177.0,60.0,Changsa,,,M,35.0
Layeon,Lee Jimin,이지민,라연,1998-08-13,Purplebeck,24/06/2019,Majesty,South Korea,,170.0,51.0,,,,F,28.0
LE,Ahn Hyejin,안효진,엘리,1991-12-10,EXID,16/02/2012,Yedang,South Korea,,168.0,,Cheonan,,,F,35.0
Lea,Ogawa Mizuki,오가와 미즈키,레아,1995-08-12,SECRET NUMBER,19/05/2020,Vine,Japan,,169.0,,Tokyo,,Skarf,F,31.0
Lee Haein,Lee Haein,이해인,이해인,1992-07-04,I.B.I,29/10/2014,Star Crew,South Korea,,165.0,49.0,Changwon,,,F,34.0
Lee Hoo,Moon Junyoung,문준영,,1989-02-09,ZE:A,7/01/2010,Star Empire,South Korea,,,,Seoul,,,M,37.0
Lee Hyeop,Lee Hyeop,이협,이협,1999-08-13,DRIPPIN,26/10/2020,Woollim,South Korea,,177.0,57.0,,,,M,27.0
Lee Jin,Shim Yerin,심예린,이진,2001-03-12,Hi-L,11/08/2021,Kpop Live,South Korea,,,,,,,F,25.0
Lee Joon,Lee Changseon,이창선,이준,1988-02-07,,,,South Korea,,,,Seoul,,MBLAQ,M,38.0
Lee Know,Lee Minho,이민호,리노,1998-10-25,Stray Kids,25/03/2018,JYP,South Korea,,,,Gimpo,,,M,28.0
Lee Soo,Jin Isoo,진이수,이수,2001-06-27,PRECIOUS,23/09/2020,Umi,South Korea,,163.0,47.0,Incheon,,,F,25.0
Lee Suhyun,Lee Suhyun,이수현,이수현,1996-11-05,I.B.I,29/10/2014,Star Crew,South Korea,,167.0,50.0,Ansan,,,F,30.0
Leedo,Kim Geonhak,김건학,이도,1997-07-26,Oneus,9/01/2019,RBW,South Korea,,,,,,,M,29.0
Leeseo,Lee Hyunseo,이현서,이서,2007-02-21,IVE,1/12/2021,Starship,South Korea,,170.0,48.0,,,,F,19.0
Leeteuk,Park Jeongsu,박정수,이특,1983-07-01,Super Junior,6/11/2005,SM,South Korea,,179.0,59.0,Seoul,,,M,43.0
Leia,Larissa Kartes,라리사 카르치스,레아,2001-05-14,Blackswan,16/10/2020,DR,Brazil,Japan,,,Curitiba,,,F,25.0
Lena,Kang Rena,강레나,레나,2002-04-17,GWSN,5/09/2018,Kiwi Pop,South Korea,,,,,,,F,24.0
Leo,Hayase Leo,하야세 레오,레오,2002-10-08,T1419,21/09/2007,CJ E&M,Japan,,,,,,,M,24.0
Leo,Jung Taekwon,정택운,레오,1990-11-10,VIXX,24/05/2012,Jellyfish,South Korea,,183.0,63.0,Seoul,VIXX LR,,M,36.0
Leon,Kim Donghyun,김동현,리온,2000-07-25,TRENDZ,5/01/2022,Interpark,South Korea,,,,,,,M,26.0
Lew,Lee Euiwoong,이의웅,루,2001-04-05,TEMPEST,2/03/2022,Yuehua,South Korea,,170.0,55.0,,HyeongseopXEuiwoong,,M,25.0
Lex,Jeon Hyungmin,전형민,렉스,1993-01-12,Bigflo,19/07/2014,HO,South Korea,,,,,,,M,33.0
Lia,Choi Jisu,최지수,리아,2000-07-21,ITZY,12/02/2019,JYP,South Korea,,,,Incheon,,,F,26.0
Lien,Shimada Sho,시마다 쇼,리안,1998-03-11,Mirae,17/03/2021,DSP,Japan,,,,Osaka,,,M,28.0
Lily,Lily Jin Morrow,릴리 진 머로우,릴리,2002-10-17,NMIXX,22/02/2022,JYP,Australia,South Korea,,,Marysville,,,F,24.0
Lim Jimin,Lim Jimin,임지민,임지민,2001-05-22,JUST B,30/06/2021,Bluedot,South Korea,,178.0,59.0,,,,M,25.0
Lime,Kim Hyerim,김혜림,라임,1993-01-19,Hello Venus,9/05/2012,Fantagio,South Korea,,169.0,50.0,,,,F,33.0
Lin Lin,Huang Ziting,황자정,린린,2003-07-05,,,,Taiwan,,,,,,Cherry Bullet,F,23.0
Lina,Oh Sejin,오세진,리나,1997-07-27,ANS,16/09/2019,ANS,South Korea,,,,,,,F,29.0
Lina,Oh Hyesoo,오혜수,리나,1997-05-23,RedSquare,19/05/2020,About,South Korea,,,,,,,F,29.0
Linzy,Im Minji,임민지,린지,1989-10-22,Fiestar,31/08/2012,LOEN,South Korea,,168.0,,Incheon,,,F,37.0
Lisa,Pranpriya Manoban,쁘란쁘리야 마노반,리사,1997-03-27,BLACKPINK,8/08/2016,YG,Thailand,,170.0,46.0,Bangkok,,,F,29.0
Liv,Kim Chaeyoung,김채영,리브,1997-07-05,IRRIS,6/07/2022,Mellow,South Korea,,,,Gunsan,,Good Day| RedSquare,F,29.0
Liyah,Moon Liya,문리야,리야,2000-05-11,MIXX,2/05/2016,Chiko,South Korea,,175.0,52.0,,,,F,26.0
Liz,Kim Jiwon,김지원,리즈,2004-11-21,IVE,1/12/2021,Starship,South Korea,,170.0,49.0,,,,F,22.0
Lizzy,Park Sooyoung,박수영,리지,1992-07-31,After School,15/01/2009,Pledis,South Korea,,,,Busan,Orange Caramel,,F,34.0
Loha,Kang Yejin,강예진,로하,2001-12-27,Nature,3/08/2018,n.CH,South Korea,,171.0,,,,,F,25.0
Lola,Choi Yoojung,최유정,로라,2001-02-22,Pixy,24/02/2021,ALLART,South Korea,,169.0,,,,,F,25.0
Longguo,Jin Longguo,진룽궈,룽궈,1996-03-02,JBJ,18/10/2017,Fave,China,,,,Heilong,,,M,30.0
Lou,Kim Hosung,김호성,로우,1996-12-21,VAV,31/10/2015,A team,South Korea,,187.0,69.0,,,,M,30.0
Loudi,Won Jihoon,원지훈,로우디,1996-04-13,14U,17/04/2017,BG,Indonesia,South Korea| China,,,,,,M,30.0
Louis,Kim Taewoo,김태우,루이,1999-04-23,BLANK2Y,24/05/2022,Keystone,South Korea,,172.0,62.0,,,1the9,M,27.0
Louis,Yang Dongsik,양동식,루이,2001-04-08,Kingdom,18/02/2021,GF,South Korea,,,,,,,M,25.0
Love,Park Jisung,박지성,러브,1994-01-17,,,,South Korea,,,,,,OnlyOneOf,M,32.0
Lu,Im Hayoung,임하영,루,1997-12-03,NATURE,3/08/2018,n.CH,South Korea,,,,,,,F,29.0
LuA,Jo Hankyeung,조한경,루아,1991-09-14,BADKIZ,24/03/2014,Zoo,South Korea,,,,Busan,,,F,35.0
Lua,Kim Sookyung,김수경,루아,2000-10-06,Weki Meki,8/08/2017,Fantagio,South Korea,,,,,,,F,26.0
Lucas,Wong Junghei,웡육헤이,루카스,1999-01-25,NCT,9/04/2016,SM,Hong Kong,,,,,SuperM,,M,27.0
Lucy,Noh Hyojung,노효정,루시,2002-08-31,Weki Meki,8/08/2017,Fantagio,South Korea,,,,Goyang,,,F,24.0
Lucy,Kim Daeun,김대은,루시,2004-04-09,woo!ah!,15/05/2020,NV,South Korea,,,,,,,F,22.0
Luda,Lee Luda,이루다,루다,1997-03-06,WJSN,25/02/2016,Starship,South Korea,,157.0,,Seoul,WJSN Chocome| WJMK,,F,29.0
Luha,Lee Gyeonghun,이경훈,루하,1993-02-15,14U,17/04/2017,BG,South Korea,,,,,,,M,33.0
Luhan,Lu Han,루한,루한,1990-04-20,,,,China,,178.0,62.0,Haidian,,EXO,M,36.0
Luna,Park Sunyoung,박선영,루나,1993-08-12,f(x),5/09/2009,SM,South Korea,,162.0,,Seoul,,,F,33.0
Lune,Jung Sungmin,정성민,룬,2000-02-27,DKB,3/02/2020,Brave,South Korea,,176.0,55.0,,,,M,26.0
Lutan,Choi Gyeongseok,최경석,루탄,2003-12-06,BLITZERS,12/05/2021,Wuzo,South Korea,,,,,,,M,23.0
Manny,Syo Dongchun,쇼동청,만니,2001-11-17,VARSITY,5/01/2017,GKC,China,,170.0,64.0,,,,M,25.0
Marco,Lee Hyunggeun,이형근,마르코,1994-05-11,Hot Blood Youth,17/05/2017,FNC,South Korea,,,,,,,M,32.0
Marin,Yasufuku Marin,야스후쿠 마린,마린,2001-03-17,Bling Bling,17/11/2020,Major9,Japan,,,,Osaka,,,F,25.0
Mark,Mark Yien Tuan,마크 이엔 투안,마크,1993-09-04,GOT7,16/01/2014,JYP,USA,Taiwan,175.0,59.0,Los Angeles,,,M,33.0
Mark,Mark Lee,마크 리,마크,1999-08-02,NCT,9/04/2016,SM,Canada,,,,Vancouver,NCT U| NCT 127| NCT Dream| SuperM,,M,27.0
Mashiho,Takata Mashiho,타카타 마시호,마시호,2001-03-25,Treasure,7/08/2020,YG,Japan,,,,,,,M,25.0
Mashiro,Sakamoto Mashiro,사카모토 마시로,마시로,1999-12-16,Kep1er,1/03/2022,WakeOne,Japan,,157.0,,,,,F,27.0
Max Changmin,Shim Changmin,심창민,최강창민,1988-02-18,TVXQ,6/09/1995,MBK| Turbo Co.,South Korea,,,,Seoul,,,M,38.0
May,Jeong Chaeyoung,정채영,메이,2001-07-27,,,,South Korea,,,,,,NeonPunch,F,25.0
May,Hirokawa Mao,히로카와 마오,메이,2004-11-16,Cherry Bullet,21/01/2019,FNC,Japan,,,,,,,F,22.0
Mayna,Shaoxi Mengna,,메이나,2000-05-12,HOT ISSUE,17/05/2017,FNC,China,Romania,170.0,47.0,,,,F,26.0
Medic Jin,Bae Yujin,배유진,메딕진,1996-08-25,Girlkind,16/01/2018,Nextlevel,South Korea,,,167.0,,,,F,30.0
Meiqi,Meng Meiqi,멍메이치,미기,1998-10-15,,,,China,,164.0,,Luoyang,,WJSN,F,28.0
Mia,Han Eunji,한은지,미아,2000-01-13,Everglow,18/03/2019,Yuehua,South Korea,,,,,,,F,26.0
Mia,Son Hyunmi,손현미,미아,1997-12-31,MIXX,2/05/2016,Chiko,South Korea,,174.0,,,,,F,29.0
Mihee,Lee Mihee,이미희,미희,2000-08-24,BOTOPASS,26/08/2020,WKS ENE,South Korea,,,,,,,F,26.0
Mijoo,Lee Mijoo,이미주,미주,1994-09-23,Lovelyz,17/11/2014,Woollim,South Korea,,167.0,47.0,Okcheon,,,F,32.0
Mikey,Morisaki Daisuke,모리사키 다이스케,마이키,2001-05-05,BLANK2Y,24/05/2022,Keystone,Japan,,176.0,58.0,Hyogo,,,M,25.0
Miko,Matsuda Miko,마츠다 미코,미코,1995-10-28,Honey Popcorn,21/03/2018,Kyun Create,Japan,,,,,,,F,31.0
Miku,Katae Miku,카타에 미쿠,미쿠,2002-10-09,Pink Fantasy,28/10/2018,My Doll,Japan,,,,,,,F,24.0
Mill,Lee Yongsoo,이용수,밀,1999-03-30,OnlyOneOf,28/05/2019,RSVP,South Korea,,,,,,,M,27.0
Milo,Kim Minhak,김민학,마일로,1996-08-20,Romeo,4/11/2015,CT,South Korea,,,,,,,M,30.0
Mimi,Jung Mimi,정미미,미미,1993-01-01,Gugudan,28/06/2016,Jellyfish,South Korea,,163.0,,,,,F,33.0
Mimi,Kim Mihyun,김미현,미미,1995-05-01,Oh My Girl,21/04/2015,WM,South Korea,,163.0,50.0,Jeju,,,F,31.0
Min,Lee Minyoung,이민영,민,1991-06-21,miss A,1/07/2010,JYP,South Korea,,161.0,,Seoul,,,F,35.0
Min,Lee Mincheon,이민천,민,1997-10-16,We In The Zone,27/05/2019,Choon,South Korea,,171.0,50.0,Seoul,,,M,29.0
Mina,Kwon Mina,권민아,민아,1993-09-21,,,,South Korea,,159.0,43.0,Busan,,AOA| AOA BLACK,F,33.0
Mina,Kang Mina,강미나,미나,1999-12-04,Gugudan,28/06/2016,Jellyfish,South Korea,,162.0,48.0,Icheon,Gugudan Oguogu,I.O.I,F,27.0
Mina,Myoui Mina,묘이 미나,미나,1997-03-24,Twice,20/10/2015,JYP,Japan,,163.0,,San Antonio,MISAMO,,F,29.0
Minah,Bang Minah,방민아,민아,1993-05-13,Girl's Day,9/07/2010,DreamT,South Korea,,165.0,47.0,Incheon,,,F,33.0
Minchan,Hong Minchan,홍민찬,민찬,1998-09-16,Verivery,1/09/2019,Jellyfish,South Korea,,,,,,,M,28.0
Mingi,Son Mingi,송민기,민기,1999-08-09,ATEEZ,24/10/2018,KQ,South Korea,,183.0,,,,,M,27.0
Mingyu,Kim Mingyu,김민규,민규,1997-04-06,Seventeen,26/05/2015,Pledis,South Korea,,185.0,65.0,Anyang,,,M,29.0
Minha,Park Minha,박민하,민하,1991-06-27,,,,South Korea,,172.0,47.0,Seoul,,9Muses,F,35.0
Minhee,Kang Minhee,강민희,민희,2002-09-17,CRAVITY,14/04/2020,Starship,South Korea,,185.0,58.0,,,X1,M,24.0
Minhee,Joo Minhee,주민희,민희,1993-01-03,Stellar,28/08/2011,Pascal,South Korea,,,,Seoul,,,F,33.0
Minho,Yang Minho,양민호,민호,2002-10-14,8TURN,30/01/2023,MNH,South Korea,,179.0,59.0,,,,M,24.0
Minho,Lee Minho,이민호,민호,1995-09-04,MY.st,26/03/2020,MYStar,South Korea,,,,,,,M,31.0
Minho,Choi Minho,최민호,민호,1991-12-09,SHINee,25/05/2008,SM,South Korea,,181.0,60.0,Incheon,,,M,35.0
Minhwan,Choi Minhwan,최민환,민환,1992-11-11,FTISLAND,7/06/2007,FNC,South Korea,,,,Seoul,,,M,34.0
Minhyuk,Lee Minhyuk,이민혁,민혁,1990-11-29,BtoB,21/03/2012,Cube,South Korea,,173.0,61.0,Seoul,,,M,36.0
Minhyuk,Kang Minhyuk,강민혁,민혁,1991-06-28,CNBLUE,14/01/2010,FNC,South Korea,,,,Ilsan,,,M,35.0
Minhyuk,Kim Minhyuk,김민혁,민혁,1999-11-06,D-CRUNCH,6/08/2018,All-S,South Korea,,,,,,,M,27.0
Minhyuk,Lee Minhyuk,이민혁,민혁,1993-11-03,MONSTA X,14/05/2014,Starship,South Korea,,,,,,,M,33.0
Minhyun,Hwang Minhyun,황민현,민현,1995-08-09,NU'EST,15/03/2012,Pledis,South Korea,,,,Busan,NU'EST,Wanna One,M,31.0
Mini,,,민이,2000-06-12,Purplebeck,24/06/2019,Majesty,South Korea,,168.0,47.0,,,,F,26.0
Minjae,Song Minjae,송민재,민재,2003-08-23,MCND,27/02/2020,TOP Media,South Korea,,,,,,,M,23.0
Minjae,Seong Minjae,성민재,민재,1994-12-18,Sonamoo,29/12/2014,TS,South Korea,,165.0,,Busan,,,F,32.0
Minjae,Jo Minjae,조민재,민재,1994-08-08,Spectrum,9/05/2018,WYNN,South Korea,,,,,,,M,32.0
Minjae,Shin Minjae,신민재,민재,1991-08-13,Tahiti,23/06/2012,J-line,South Korea,,,,Busan,,,F,35.0
Minjae,Kim Minjae,김민재,민재,2003-04-10,xikers,30/03/2023,KQ,South Korea,,,,Seoul,,,M,23.0
Minji,Kim Minji,김민지,민지,2001-01-16,Busters,27/11/2017,JTG,South Korea,,,,,,,F,25.0
Minji,Kim Minji,김민지,민지,2004-05-07,NewJeans,22/07/2022,ADOR,South Korea,,169.0,,Yeongwol,,,F,22.0
Minjoo,Kim Minjoo,김민주,민주,2001-02-05,IZ*ONE,29/10/2018,Off The Record,South Korea,,,,Seoul,,,F,25.0
Minju,Kang Minjoo,강민주,민주,2001-03-11,GWSN,5/09/2018,Kiwi Pop,South Korea,,,,,,,F,25.0
Minjun,Kim Minjun,김민준,민준,1999-02-26,NINE.i,30/03/2022,FirstOne,South Korea,,,,,,,M,27.0
Minjung,Cha Minjung,차민정,민정,2004-07-15,,,,South Korea,,,,,,Busters,F,22.0
Minkyung,Kang Minkyung,강민경,민경,1990-08-03,Davichi,4/02/2008,CJ E&M,South Korea,,,,Goyang,,,F,36.0
Minnie,Nicha Yontararak,니차 욘타라락,민니,1997-10-23,(G)I-DLE,2/05/2018,Cube,Thailand,,,,,,,F,29.0
Mino,Song Minho,송민호,민호,1993-03-30,WINNER,12/08/2014,YG,South Korea,,,,Yongin,,,M,33.0
Minpyo,Gook Minpyo,국민표,민표,1994-11-15,B.I.G,9/07/2014,GH,South Korea,,173.0,57.0,Gwangju,,,M,32.0
Minseo,Kim Minseo,김민서,민서,2002-05-13,DRIPPIN,26/10/2020,Woollim,South Korea,,177.0,53.0,,,,M,24.0
Minseo,Park Minseo,박민서,민서,2003-03-21,Saturday,18/07/2018,SD,South Korea,,163.0,45.0,,,,F,23.0
Minseo,Kim Minseo,김민서,민서,2004-08-12,woo!ah!,15/05/2020,NV,South Korea,,,,,,,F,22.0
Minsu,Park Minsu,김민수,민수,1993-04-15,Boys Republic,3/06/2013,Happy Tribe| Universal,South Korea,,172.0,55.0,Gwangju,,,M,33.0
Minsu,Kim Minsu,김민수,민수,2000-03-20,TOO,1/04/2020,n.CH,South Korea,,,,,,,M,26.0
Minsung,Kim Minhwi,김민휘,민성,1996-12-24,Romeo,4/11/2015,CT,South Korea,,,,,,,M,30.0
Mint,Kunpat Phonpawiworakun,쿤팟 퍼언빠위워라쿤,민트,1994-06-23,Tiny-G,23/08/2012,GNG,Thailand,,150.0,42.0,,,,F,32.0
Minwoo,No Minwoo,노민우,민우,1995-07-31,Boyfriend,26/05/2011,Starship,South Korea,,174.0,60.0,Anyang,,,M,31.0
Minwoo,Lee Minwoo,이민우,민우,1979-07-28,Shinhwa,24/03/1998,SM| Good| Shinhwa,South Korea,,172.0,60.0,Namwon,,,M,47.0
Minwoo,Ha Minwoo,하민우,민우,1990-09-06,ZE:A,7/01/2010,Star Empire,South Korea,,,,Yangsan,,,M,36.0
Minwoo†,Seo Minwoo,서민우,민우,1985-02-08,100%,18/09/2012,TOP Media,South Korea,,,,Daegu,,,M,41.0
Minyoung,Kim Minyeong,김민영,민영,1990-09-12,Brave Girls,8/04/2011,Brave,South Korea,,,,Seongnam,,,F,36.0
Minzy,Kong Minji,공민지,민지,1994-01-18,2NE1,6/05/2009,YG,South Korea,,,,,,,F,32.0
Mir,Lee Yoonsang,이윤상,미르,2000-03-06,Astin,16/11/2022,AB Creative,South Korea,,,,,,,M,26.0
Mir,Bang Cheolyong,방철용,미르,1991-03-10,MBLAQ,14/10/2009,J. Tune,South Korea,,,,Bukhamyeon,,,M,35.0
Mire,Su Mire,수미레,미레,2006-03-26,TRI.BE,17/02/2021,TR - Mellow,Japan,,,,,,,F,20.0
Miryo,Jo Mihye,조미혜,미료,1981-11-02,Brown Eyed Girls,2/03/2006,Mystic,South Korea,,,,,,,F,45.0
Miso,Jeon Jimin,전지민,미소,2000-10-25,Dreamnote,7/11/2018,iME,South Korea,,160.0,43.0,,,,F,26.0
Miso,Park Jihyun,박지현,미소,1996-09-16,P.O.P,26/07/2017,DWM,South Korea,,,,Busan,,,F,30.0
Miso,Park Miso,박미소,미소,1991-04-04,Tahiti,23/06/2012,J-line,South Korea,,,,Gwangju,,,F,35.0
MiU,Ito Miyu,이토 미유,미유,2003-01-09,LIMELIGHT,17/02/2023,143,Japan,,164.0,42.0,Tokyo,,,F,23.0
Miya,Miyauchi Haruka,미야우치 하루카,미야,1993-05-26,GWSN,5/09/2018,Kiwi Pop,Japan,,,,,,,F,33.0
Miyeon,Jo Miyeon,조미연,미연,1997-01-31,(G)I-DLE,2/05/2018,Cube,South Korea,,,,,,,F,29.0
MJ,Kim Myungjun,김명준,엠제이,1994-03-05,ASTRO,23/02/2016,Fantagio,South Korea,,,,Nowon,,,M,32.0
MK,Park Minkyun,박민균,엠케이,1995-11-16,ONF,2/08/2017,WM,South Korea,,,,Ilsan,,,M,31.0
Moko,Sakura Moko,사쿠라 모코,모코,1991-03-19,Honey Popcorn,21/03/2018,Kyun Create,Japan,,,,,,,F,35.0
Momo,Hirai Momo,히라이 모모,모모,1996-11-09,Twice,20/10/2015,JYP,Japan,,167.0,,Kyoto,MISAMO,,F,30.0
Momoka,Matsuda Momoka,마쓰다 모모카,모모카,2000-12-26,Pink Fantasy,28/10/2018,My Doll,Japan,,152.0,,,,,F,26.0
Monday,Kim Jimin,김지민,먼데이,2002-05-10,Weeekly,30/07/2020,Play M,South Korea,,172.0,,,,,F,24.0
Monika,Kang Yeh,강예,모니카,1991-05-21,BADKIZ,24/03/2014,Zoo,South Korea,,,,Seoul,,,F,35.0
Moon Bin,Moon Bin,문빈,문빈,1998-01-26,ASTRO,23/02/2016,Fantagio,South Korea,,,,Cheongju,,,M,28.0
Moon Sua,Moon Sua,문수아,문수아,1999-09-09,Billlie,10/11/2021,MYSTIC,South Korea,,167.0,47.0,Cheongju,,,F,27.0
Moonbyul,Moon Byulyi,문별이,문별,1992-12-22,Mamamoo,18/06/2014,RBW,South Korea,,165.0,45.0,Bucheon,,,F,34.0
Moonhee,Choi Moonhee,최문희,문희,1997-04-15,Bonus Baby,1/01/2017,Maroo,South Korea,,167.0,,,,MyB,F,29.0
Moonvok,Jang Moonvok,장문복,문복,1995-04-11,Limitless,9/07/2019,ONO,South Korea,,168.0,48.0,,,,M,31.0
Mu,Suh Kyungmin,서경민,뮤,2003-09-14,EPEX,8/06/2021,C9,South Korea,,184.0,63.0,,,,M,23.0
Mujin,Ko Sungho,고성호,무진,2000-11-20,Kingdom,18/02/2021,GF,South Korea,,,,,,,M,26.0
Munik,Jang Moonik,장문익,문익,2001-03-20,Dongkiz,24/04/2019,Dongyo,South Korea,,173.0,50.0,,,,M,25.0
Muzin,Kim Hyunwoo,김현우,무진,2001-03-29,BAE173,19/11/2020,PocketDol,South Korea,,,,,,,M,25.0
Myungho,Ji Myungho,지명호,명호,2001-10-12,8TURN,30/01/2023,MNH,South Korea,,177.0,62.0,,,,M,25.0
Myungji,Kim Myungji,김명지,명지,1997-10-09,Tiny-G,23/08/2012,GNG,South Korea,,164.0,,,,,F,29.0
N,Cha Hakyeon,차학연,엔,1990-06-30,VIXX,24/05/2012,Jellyfish,South Korea,,180.0,65.0,Changwon,Big Byung,,M,36.0
Nada,Yoon Yejin,윤예진,나다,1991-05-24,,,,South Korea,,,,,,Wassup,F,35.0
Naeun,Son Naeun,손나은,나은,1994-02-10,,,,South Korea,,168.0,,Seoul,,Apink,F,32.0
Naeun,Lee Naeun,이나은,나은,1999-05-05,APRIL,24/08/2015,DSP,South Korea,,,,Daejeon,,,F,27.0
Nahyun,Kang Nahyun,강나현,나현,2002-01-25,HOT ISSUE,17/05/2017,FNC,South Korea,,,,,,,F,24.0
Nahyun,Kim Nahyun,김나현,나현,1995-12-09,Sonamoo,29/12/2014,TS,South Korea,,170.0,,Seoul,,,F,31.0
Nako,Yabuki Nako,야부키 나코,나코,2001-06-18,IZ*ONE,29/10/2018,Off The Record,Japan,,,,Tokyo,,,F,25.0
Nakta,Shin Yooncheol,신윤철,낙타,1993-04-24,,,,South Korea,,,,Daegu,,Topp Dogg,M,33.0
Nakyung,Lee Nakyung,이나경,나경,2000-06-01,fromis_9,24/01/2018,Off The Record,South Korea,,159.0,42.0,Mungyeong,,,F,26.0
Nakyung,Kim Nakyung,김나경,나경,2002-10-13,tripleS,13/02/2023,MODHAUS,South Korea,,166.0,,Ulsan,,,F,24.0
Namjoo,Kim Namjoo,김남주,남주,1995-04-15,Apink,19/04/2011,Plan A,South Korea,,165.0,,Seoul,,,F,31.0
Nana,Im Jinah,임진아,나나,1991-09-14,After School,15/01/2009,Pledis,South Korea,,,,Cheongju,Orange Caramel,,F,35.0
Nana,Kwon Nayeon,권나연,나나,2001-03-09,woo!ah!,15/05/2020,NV,South Korea,,,,,,,F,25.0
Nancy,Nancy Mcdonie,낸시 맥다니,낸시,2000-04-13,MOMOLAND,9/11/2016,Double Kick,South Korea,USA,162.0,45.0,Daegu,,,F,26.0
Nara,Kwon Nara,권나라,나라,1991-03-13,Hello Venus,9/05/2012,Fantagio,South Korea,,172.0,52.0,Seongnam,,,F,35.0
Narachan,Jung Hyunwoo,정현우,나라찬,1996-09-23,MONT,14/05/2014,Starship,South Korea,,178.0,58.0,,,,M,30.0
Narae,Park Narae,박나래,나래,1988-02-23,SPICA,7/02/2012,CJ E&M,South Korea,,,,Incheon,SPICA-S,SPICA,F,38.0
Nari,Kim Nari,김나리,나리,1992-10-05,Wassup,7/08/2013,Mafia,South Korea,,,,,,,F,34.0
Narin,Lee Narin,이나린,나린,2001-10-29,Bling Bling,17/11/2020,Major9,South Korea,,,,,,,F,25.0
Narin,Lee Eunseo,이은서,나린,2000-06-06,Queenz Eye,24/10/2022,Big Mountain,South Korea,,,,,,,F,26.0
Narsha,Park Hyojin,박효진,나르샤,1981-12-28,Brown Eyed Girls,2/03/2006,Mystic,South Korea,,,,,,,F,45.0
Nason,Kim Duyeop,김두엽,네이슨,1995-06-12,CHECKMATE,19/06/2012,Yedang,South Korea,,,,,,,M,31.0
Nayeon,Im Nayeon,임나연,나연,1995-09-22,Twice,20/10/2015,JYP,South Korea,,163.0,,Seoul,,,F,31.0
Nayoung,Kim Nayoung,김나영,나영,1995-11-23,Gugudan,28/06/2016,Jellyfish,South Korea,,169.0,50.0,,,,F,31.0
Nayoung,Kim Nayoung,김나영,나영,2002-11-30,LIGHTSUM,10/06/2021,Cube,South Korea,,154.0,43.0,Chuncheon,,,F,24.0
Nayoung,Im Nayoung,임나영,나영,1995-12-18,Pristin,21/03/2017,Pledis,South Korea,,171.0,51.0,Chungcheongham,I.O.I| Pristin V,,F,31.0
Nayu,Kim Yewon,김예원,나유,2002-07-23,ILY:1,4/04/2022,FC ENM,South Korea,,,,,,,F,24.0
Nayun,Kim Nayun,김나윤,나윤,1998-07-31,MOMOLAND,9/11/2016,Double Kick,South Korea,,167.0,48.0,Seoul,,,F,28.0
NC.A,Im Soeun,임소은,앤씨아,1996-10-07,UNI.T,18/05/2018,Unit Culture,South Korea,,,,Osan,,,F,30.0
New,Choi Chanhee,최찬희,뉴,1998-04-26,The Boyz,31/12/2017,Cre.Ker,South Korea,,175.0,51.0,Jeonju,,,M,28.0
New Sun,Choi Yoonsun,최윤선,뉴썬,1997-06-19,Sonamoo,29/12/2014,TS,South Korea,,172.0,,,,,F,29.0
Nichkhun,Nichkhun Horvejkul,닛차쿤 허라웻차꾼,닉쿤,1988-06-24,2PM,4/07/2008,JYP,Thailand,USA,180.0,64.0,California,,,M,38.0
Nicole,Nicole Jung,정니콜,니콜,1991-10-07,KARA,29/03/2007,DSP,South Korea,USA,,,Los Angeles,,,F,35.0
Niel,Ahn Daniel,안다니엘,니엘,1994-08-16,Teen Top,9/07/2010,TOP Media,South Korea,,,,Anyang,,,M,32.0
Ni-Ki,Nishimura Riki,니시무라 리키,니키,2005-12-09,ENHYPEN,30/11/2020,Be:lift,Japan,,,,,,,M,21.0
Nina,Nina Nadia Mateer,니나 나디아 마티어,니나,2003-03-15,IRRIS,6/07/2022,Mellow,Australia,South Korea,174.0,51.0,Brisbane,,,F,23.0
Nine,Jung Wookjin,정욱진,나인,1999-12-13,OnlyOneOf,28/05/2019,RSVP,South Korea,,,,,,,M,27.0
Ningning,Ning Yizhuo,닝이쭤,닝닝,2002-10-23,aespa,17/11/2020,SM,China,,165.0,43.0,Harbin,,,F,24.0
Noah,Hwang Seundae,황승대,노아,1998-03-18,CHECKMATE,19/06/2012,Yedang,South Korea,,,,,,,M,28.0
Noah,Song Yubin,송유빈,노아,2000-08-02,T1419,21/09/2007,CJ E&M,South Korea,,,,,,,M,26.0
Noeul,No Eul,노을,노을,1989-05-10,Rainbow,12/11/2009,DSP,South Korea,,164.0,44.0,Jeonju,,,F,37.0
Nova,Maria Pavlovna Emelyanova,마리아 파블로브나 에멜야노바,노바,2002-10-10,X:IN,11/04/2023,Escrow,Russia,,,,Moscow,,,F,24.0
O.V,Kim Sanchan,김상찬,오뷔,1999-01-03,D-CRUNCH,6/08/2018,All-S,South Korea,,,,,,,M,27.0
Olivia Hye,Son Hyeju,손혜주,올리비아 혜,2001-11-13,LOONA,20/08/2018,Blockberry,South Korea,,,,,Loona yyxy,,F,25.0
On,Kim Dongwoo,김동우,온,,ABLUE,23/10/2022,J-Star,South Korea,,177.0,65.0,,,,M,
On,Choi Juhwan,최주환,온,2002-10-16,T1419,21/09/2007,CJ E&M,South Korea,,,,,,,M,24.0
Onda,Jo Selim,조세림,온다,2000-05-18,Everglow,18/03/2019,Yuehua,South Korea,,,,,,,F,26.0
Onejunn,Jo Wonjun,조원준,원준,1988-11-22,Boys Republic,3/06/2013,Happy Tribe| Universal,South Korea,,179.0,61.0,Changwon,,,M,38.0
Onew,Lee Jinki,이진기,온유,1989-12-14,SHINee,25/05/2008,SM,South Korea,,177.0,61.0,Gwangmyeong,,,M,37.0
P.O,Pyo Jihoon,표지훈,피오,1993-02-02,Block B,15/04/2011,KQ,South Korea,,181.0,64.0,Seoul,Bastarz,,M,33.0
Park Kyung,Park Kyung,박경,박경,1992-07-08,Block B,15/04/2011,KQ,South Korea,,176.0,56.0,Seoul,,,M,34.0
Peniel,Shin Donggeun,신동근,프니엘,1993-03-10,BtoB,21/03/2012,Cube,South Korea,USA,175.0,63.0,Chicago,,,M,33.0
P-Goon,Park Sehyuk,박세혁,피군,1991-10-18,,,,South Korea,,,,Seoul,,Topp Dogg,M,35.0
Pharita,Pharita Chaikong,파리따 차이콩,파리타,2005-08-26,BABYMONSTER,0/01/1900,YG,Thailand,,,,Bangkok,,,F,21.0
Prince,Pasidh Vataniyapromote,파싯 와타니야쁘라못,프린스,2003-01-10,Ghost9,23/09/2020,Maroo,Thailand,,,,,,,M,23.0
PSY,Park Jaesang,박재상,싸이,1977-12-31,,,,South Korea,,,,Seoul,,,M,49.0
Q,Ji Changmin,지창민,큐,1998-11-05,The Boyz,31/12/2017,Cre.Ker,South Korea,,175.0,56.0,,,,M,28.0
Qri,Lee Jihyun,이지현,큐리,1986-12-12,T-ara,29/07/2009,MBK,South Korea,,162.0,44.0,Goyang,,,F,40.0
ra.L,Yi Taehyun,이태현,라엘,2003-09-29,TRENDZ,5/01/2022,Interpark,South Korea,,,,,,,M,23.0
Rachel,Sung Nayeon,성나연,레이첼,2000-08-28,APRIL,24/08/2015,DSP,South Korea,USA,,,,,,F,26.0
Rain,Jung Jihoon,정지훈,비,1982-06-25,,,,South Korea,,,,Seosan,,,M,44.0
Raina,Oh Hyerin,오혜린,레이나,1989-05-07,After School,15/01/2009,Pledis,South Korea,,,,Ulsan,Orange Caramel,,F,37.0
Rainie,Chu Chingyu,주칭위,레이니,2000-11-16,bugAboo,25/10/2021,A team,Taiwan,,,,,,,F,26.0
Rakwon,Seok Rakwon,석락원,락원,2003-11-14,ATBO,27/07/2022,IST,South Korea,,172.0,,Seoul,,,M,23.0
Rano,Byun Yongseop,변용섭,라노,1998-12-10,E'LAST,9/06/2020,E Entertainment,South Korea,,175.0,60.0,,,,M,28.0
Raon,Lee Seoyoung,이서영,라온,2000-01-21,ANS,16/09/2019,ANS,South Korea,,,,,,,F,26.0
Raots,Ren Yuchen,런위천,라오츠,2000-03-01,JWiiver,17/02/2022,JTG,China,,,,,,,M,26.0
Ravi,Kim Wonsik,김원식,라비,1993-02-15,VIXX,24/05/2012,Jellyfish,South Korea,,183.0,65.0,Seoul,VIXX LR,,M,33.0
Ravn,Kim Yoongjo,김영조,레이븐,1995-09-02,Oneus,9/01/2019,RBW,South Korea,,,,,,,M,31.0
Rayeon,Lee Rayeon,이나연,나연,2001-11-24,FANATICS,6/08/2019,FENT,South Korea,,167.0,45.0,Gwangju,,,F,25.0
Red,Lee Heejin,이희진,빨강,1991-07-10,Pungdeng-E,11/12/2013,DOMA,South Korea,,163.0,,Daegu,,,F,35.0
Rei,Naoi Rei,나오이 레이,레이,2004-02-03,IVE,1/12/2021,Starship,Japan,,169.0,47.0,,,,F,22.0
Remi,Katsuno Rise,카츠노 리세,레미,2001-04-26,Cherry Bullet,21/01/2019,FNC,Japan,,,,,,,F,25.0
Ren,Choi Minki,최민기,렌,1995-11-03,NU'EST,15/03/2012,Pledis,South Korea,,,,Busan,NU'EST W,,M,31.0
Rena,Kang Yebin,강예빈,레나,1998-10-19,Hinapia,3/11/2019,Alseulbit,South Korea,,162.0,49.0,,Pristin V,Pristin,F,28.0
Renjun,Hwang Renjun,황런쥔,런쥔,2000-03-23,NCT,9/04/2016,SM,China,,,,Jilin,NCT Dream,,M,26.0
Ria,Kuwayama Ria,쿠와야마 리아,리아,1998-02-03,BOTOPASS,26/08/2020,WKS ENE,Japan,,,,,,,F,28.0
Ricky,Yoo Changhyun,유창현,리키,1995-02-27,Teen Top,9/07/2010,TOP Media,South Korea,,,,Seoul,,,M,31.0
Rie,Lee Seungho,이성호,리에,1996-11-06,OnlyOneOf,28/05/2019,RSVP,South Korea,,,,,,,M,30.0
Rihan,Choi Yeonsik,최연식,리한,1998-05-22,JWiiver,17/02/2022,JTG,South Korea,,,,,,,M,28.0
Riho,Jin Seungwook,진승욱,리호,1998-03-01,VARSITY,5/01/2017,GKC,South Korea,,178.0,59.0,Incheon,,,M,28.0
Riina,Lee Seunghyeon,이승현,리이나,2001-02-21,H1-KEY,5/01/2022,GLG,South Korea,,172.0,55.0,,,,F,25.0
Rina,Kang Soeun,강소은,리나,2001-09-27,Weki Meki,8/08/2017,Fantagio,South Korea,,,,,,,F,25.0
Rinji,Hwang Rinji,황린지,린지,2006-05-05,Pixy,24/02/2021,ALLART,South Korea,,169.0,,,,,F,20.0
Rio,Son Gwanghyuk,손광혁,리오,1999-07-16,14U,17/04/2017,BG,South Korea,,,,,,,M,27.0
Ririka,Kishida Ririka,키시다 리리카,리리카,2002-07-02,ILY:1,4/04/2022,FC ENM,Japan,,162.0,,,,,F,24.0
Riwon,Kim Riwon,김리원,리원,2007-01-11,CLASS:y,5/05/2022,Universal,South Korea,,156.0,,,,,F,19.0
RM,Kim Namjoon,김남준,알엠,1994-09-12,BTS,13/06/2013,Big Hit,South Korea,,181.0,67.0,Ilsan,,,M,32.0
Roa,Kim Minkyung,김민경,로아,1997-07-29,Hinapia,3/11/2019,Alseulbit,South Korea,,172.0,49.0,,Pristin V,Pristin,F,29.0
Roa,,,로아,,X:IN,11/04/2023,Escrow,South Korea,,,,,,,F,
Rocky,Park Minhyuk,박민혁,라키,1999-02-25,ASTRO,23/02/2016,Fantagio,South Korea,,,,Jinju,,,M,27.0
Roda,Shin Joongmin,신중민,로다,1998-09-19,MONT,14/05/2014,Starship,South Korea,,179.0,60.0,,,,M,28.0
Roel,Kim Sunho,김선호,로엘,1997-02-13,ARGON,11/03/2019,MSH,South Korea,,,,,,,M,29.0
Rokhyun,Kim Rokhyun,김록현,록현,1991-02-10,100%,18/09/2012,TOP Media,South Korea,,,,Suncheon,,,M,35.0
Romin,Choi Youngmin,최영민,로민,2001-04-24,E'LAST,9/06/2020,E Entertainment,South Korea,,179.0,58.0,,,,M,25.0
Ron,Cheon Byeonghwa,천병화,론,1991-01-22,Bigflo,19/07/2014,HO,South Korea,,183.0,62.0,,,,M,35.0
Rona,Chang Ching,장찡,로나,2002-06-05,ILY:1,4/04/2022,FC ENM,Taiwan,,165.0,,Taipei,,,F,24.0
Roni,Jeong Rowoon,정로운,로니,1994-07-31,,,,South Korea,,174.0,55.0,,,XEED,M,32.0
Rora,Lee Dain,이다인,로라,2008-08-05,BABYMONSTER,0/01/1900,YG,South Korea,,,,,,,F,18.0
Rosé,Roseanne Park,로잔느 박,로제,1997-02-11,BLACKPINK,8/08/2016,YG,South Korea,,167.0,,Auckland,,,F,29.0
Roshin,Bae Sijun,배시준,로신,2001-04-13,JWiiver,17/02/2022,JTG,South Korea,,,,Daegu,,,M,25.0
Rowoon,Kim Seokwoo,김석우,로운,1996-08-07,SF9,5/10/2016,FNC,South Korea,,,,,,,M,30.0
Royeon,Jeon Hyunjoo,전현주,로연,1998-02-20,ANS,16/09/2019,ANS,South Korea,,,,,,,F,28.0
Rubin,Lee Haejoon,이해준,루빈,1995-08-16,1TEAM,27/03/2019,LiveWorks,South Korea,,,,,,,M,31.0
Ruby,Heo Jiwon,허지원,루비,2002-08-21,PRIMROSE,13/03/2023,AO,South Korea,,,,,,,F,24.0
Rui,Jang Rui,장루이,루이,2000-03-07,7 O'clock,26/08/2014,Jungle,South Korea,,178.0,63.0,Seoul,,,M,26.0
Rui,Watanabe Rui,와타나베 루이,루이,1994-10-08,H.U.B,9/02/2017,New Planet,Japan,,,,,,N-Bulance,F,32.0
Ruka,Kawai Ruka,카와이 루카,루카,2002-03-20,BABYMONSTER,0/01/1900,YG,Japan,,,,,,,F,24.0
Ryeowook,Kim Ryeowook,김려욱,려욱,1987-06-21,Super Junior,6/11/2005,SM,South Korea,,175.0,58.0,Incheon,Super Junior-M,,M,39.0
Ryujei,Chae Hocheol,채호철,류제이,1997-11-08,JWiiver,17/02/2022,JTG,South Korea,,175.0,54.0,Incheon,,,M,29.0
Ryujin,Shin Ryujin,신류진,류진,2001-04-17,ITZY,12/02/2019,JYP,South Korea,,,,Seoul,,,F,25.0
S.Coups,Choi Seungcheol,최승철,에스.쿱스,1995-08-08,Seventeen,26/05/2015,Pledis,South Korea,,177.0,63.0,Daegu,,,M,31.0
Saebom,Kim Seyoung,김세영,새봄,1995-01-13,Favorite,5/07/2017,Astory,South Korea,,,,Gwacheon,,,F,31.0
Saebom,Kim Saerok,김새록,새봄,1997-01-30,NATURE,3/08/2018,n.CH,South Korea,,,,,,,F,29.0
Saebyeok,Shim Jaeyoung,심재영,새벽,1996-11-09,Ho1iday,26/04/2013,LOEN,South Korea,,,,,,,F,30.0
Saebyeol,Han Saebyeol,한새별,새별,1996-05-23,Matilda,18/03/2016,Box,South Korea,,,168.0,,,,F,30.0
Saena,Jung Sehyun,정세현,새나,2004-03-12,FIFTY FIFTY,18/11/2022,ATTRAKT,South Korea,,160.0,42.0,Busan,,,F,22.0
Saerom,Lee Saerom,이새롬,새롬,1997-01-07,fromis_9,24/01/2018,Off The Record,South Korea,,,,Gangwon,,,F,29.0
Sakang,Jeon Sakang,정사강,사강,2002-10-26,TheEastLight,15/11/2018,Stardium,South Korea,,,,,,,M,24.0
Sakura,Miyawaki Sakura,미야와키 사쿠라,사쿠라,1998-03-19,LE SSERAFIM,2/05/2022,Source,Japan,,,,Kagoshima,,IZ*ONE,F,28.0
Sally,Liu Xiening,류셰닝,샐리,1996-10-23,Gugudan,28/06/2016,Jellyfish,China,,,,Guangdong,,,F,30.0
Samuel,Kim Samuel,김사무엘,사무엘,2002-01-17,,,,South Korea,USA,,,Los Angeles,,1PUNCH,M,24.0
San,Choi San,최산,산,1999-07-10,ATEEZ,24/10/2018,KQ,South Korea,,173.0,,,,,M,27.0
Sana,Minatozaki Sana,미나토자키 사나,사나,1996-12-29,Twice,20/10/2015,JYP,Japan,,168.0,,Osaka,MISAMO,,F,30.0
Sandeul,Lee Junghwan,이정환,산들,1992-03-20,B1A4,19/04/2010,WM,South Korea,,178.0,62.0,Busan,,,M,34.0
Sanga,Lee Sanga,이상아,상아,1999-08-05,,,,South Korea,,165.0,,,,Pink Fantasy,F,27.0
Sangah,Yoo Sangah,윤상아,상아,2002-09-04,LIGHTSUM,10/06/2021,Cube,South Korea,,168.0,,Incheon,,,F,24.0
Sangdo,Yoo Sangdo,유상도,상도,1993-03-02,Topp Dogg,1/04/2020,n.CH,South Korea,,,,Incheon,,,M,33.0
Sangho,Jo Sangho,조상호,상호,1995-02-10,SNUPER,16/11/2015,Widmay,South Korea,,,,Changwon,,,M,31.0
Sanghoon,Lee Sanghoon,이상훈,상훈,1993-12-23,,,,South Korea,,,,Cheongju,,100%,M,33.0
Sangil,Shim Sangil,심상일,상일,1993-05-01,SNUPER,16/11/2015,Widmay,South Korea,,,,Seoul,,,M,33.0
Sangmin,Kim Sangmin,김상민,상민,1992-07-07,CROSS GENE,8/07/2012,Amuse,South Korea,,178.0,67.0,Jinju,,,M,34.0
Sangwoo,Kim Sangwoo,김상우,상우,2002-09-03,JUST B,30/06/2021,Bluedot,South Korea,,,,,,,M,24.0
Sangyeon,Lee Sangyeon,이상연,상연,1996-11-04,The Boyz,31/12/2017,Cre.Ker,South Korea,,176.0,61.0,,,,M,30.0
Sanha,Yoon Sanha,윤산하,산하,2000-03-21,ASTRO,23/02/2016,Fantagio,South Korea,,,,Seoul,,,M,26.0
Satbyeol,Jeon Yujin,전유진,샛별,2001-02-27,,,,South Korea,,165.0,,,,Girls Alert| Pixy,F,25.0
Sea,Kim Sujeong,김수정,세아,1999-12-05,Highteen,14/10/2016,Elijah,South Korea,,,,,,,F,27.0
Sebin,Jang Sebin,장세빈,세빈,1996-04-24,SNUPER,16/11/2015,Widmay,South Korea,,,,Pocheon,OMEGA X,,M,30.0
Seea,Kang Eunyoung,강은영,시아,1994-08-21,Pink Fantasy,28/10/2018,My Doll,South Korea,,160.0,43.0,,,,F,32.0
Seeun,Yoon Seeun,윤세은,세은,2003-06-14,STAYC,12/11/2020,Hi-Up,South Korea,,167.0,49.0,Pyeongtaek,,,F,23.0
Seeun,Park Seeun,박세은,세은,2005-08-17,xikers,30/03/2023,KQ,South Korea,,180.0,,Daegu,,,M,21.0
Segye,Shin Segye,신세계,세계,1998-08-19,AREAL,21/08/2020,JZ Factory,South Korea,,,,,,Rose Finger,F,28.0
Sehun,Oh Sehun,오세훈,세훈,1994-04-12,EXO,8/04/2012,SM,South Korea,,181.0,63.0,Seoul,,,M,32.0
Sehyung,Kang Sehyung,강세형,세형,1998-12-13,Berry Good,21/05/2014,Asia Bridge,South Korea,,169.0,,,,,F,28.0
Sei,Lee Seojung,이서정,세이,2000-01-07,Weki Meki,8/08/2017,Fantagio,South Korea,,,,,,,F,26.0
Sejeong,Kim Sejeong,김세정,세정,1996-08-28,Gugudan,28/06/2016,Jellyfish,South Korea,,164.0,48.0,,,I.O.I,F,30.0
Sejin,Lee Sejin,이세진,세진,1999-07-22,14U,17/04/2017,BG,South Korea,,,,,,,M,27.0
Sejun,Lim Sejun,임세준,세준,1996-05-04,VICTON,9/11/2016,Plan A,South Korea,,,,,,,M,30.0
Seline,Jung Yeonjeong,정연정,셀린,2000-06-20,Cignature,4/02/2020,C9,South Korea,,,,,,,F,26.0
Semi,Gu Semi,구세미,세미,2002-04-10,Cignature,4/02/2020,C9,South Korea,,166.0,46.0,,,,F,24.0
Semmi,Oh Heesun,오희선,세미,1995-10-22,Matilda,18/03/2016,Box,South Korea,,,165.0,,,,F,31.0
Seogoong,Park Hyunho,박현호,서궁,1992-05-01,,,,South Korea,,,,Seongnam,,Topp Dogg,M,34.0
Seoham,Park Seoham,박서함,서함,1993-10-28,KNK,3/03/2016,YNB,South Korea,,190.0,70.0,,,,M,33.0
Seoho,Lee Seoho,이서호,서호,1996-06-07,Oneus,9/01/2019,RBW,South Korea,,,,,,,M,30.0
Seohyun,Seo Joohyun,서주현 ,서현 ,1991-06-28,SNSD,4/08/2021,Good Luck,South Korea,,168.0,48.0,Seoul,TTS,,F,35.0
Seoi,Lee Yejin,이예진,서이,2000-02-12,H1-KEY,5/01/2022,GLG,South Korea,,169.0,,,,,F,26.0
Seokcheol,Lee Seokchul,이석철,석철,2000-01-11,TheEastLight,15/11/2018,Stardium,South Korea,,,170.0,,,,M,26.0
Seokhwa,Kang Seokhwa,강석화,석화,2000-12-01,WEi,5/10/2020,OUI,South Korea,,172.0,56.0,,,,M,26.0
Seokyoung,Kim Seokyung,김서경,서경,1999-04-16,GWSN,5/09/2018,Kiwi Pop,South Korea,,,,,,,F,27.0
Seol,Min Jihye,민지혜,설,1997-01-01,P.O.P,26/07/2017,DWM,South Korea,,,,Gunsan,,,F,29.0
Seola,Kim Hyunjung,김현정,설아,1994-12-24,WJSN,25/02/2016,Starship,South Korea,,165.0,,Seoul,WJMK| WJSN The Black,,F,32.0
Seolhyun,Kim Seolhyun,김설현,설현,1995-01-03,AoA,30/07/2012,FNC,South Korea,,167.0,47.0,Bucheon,,,F,31.0
Seonghwa,Park Seonghwa,박성화,성화,1998-04-03,ATEEZ,24/10/2018,KQ,South Korea,,178.0,,Jinju,,,M,28.0
Seonglee,Kim Seonglee,김성리,성리,1994-04-06,,,,South Korea,,173.0,,,,RAINZ,M,32.0
Seongmin,Ahn Seongmin,안성민,성민,2003-08-01,CRAVITY,14/04/2020,Starship,South Korea,,,,,,,M,23.0
Seongsoo,Park Seongsoo,박성수,성수,1999-04-07,ABLUE,23/10/2022,J-Star,South Korea,,180.0,65.0,,,BECZ,M,27.0
Seongwu,Ong Seunwu,옹성우,성우,1995-08-25,Wanna One,7/08/2017,YMC,South Korea,,,,Incheon,,,M,31.0
Seonyu,Kim Seonyu,김선유,선유,2008-03-20,CLASS:y,5/05/2022,Universal,South Korea,,159.0,,,,,F,18.0
Seoryoung,Lee Seoryung,이서령,서령,2000-01-26,GWSN,5/09/2018,Kiwi Pop,South Korea,,,,,,,F,26.0
Seowon,Jang Seowon,장서원,서원,2006-12-05,Lapillus,22/06/2022,MLD,South Korea,,,,Gwangju,,,F,20.0
Seowon,Seo Won,서원,서원,2000-12-18,NINE.i,30/03/2022,FirstOne,South Korea,,,,,,,M,26.0
Seoyeon,Ahn Seoyeon,안서연,서연,2005-03-26,CSR,27/07/2022,A2Z,South Korea,,,,Bucheon,,,F,21.0
Seoyeon,Kim Minju,김민주,서연,1995-11-26,Favorite,5/07/2017,Astory,South Korea,,,,Gwacheon,,,F,31.0
Seoyeon,Lee Seoyeon,이서연,서연,2000-01-22,fromis_9,24/01/2018,Off The Record,South Korea,,,,Seoul,,,F,26.0
Seoyeon,Yoon Seoyeon,윤서연,서연,2003-08-06,tripleS,13/02/2023,MODHAUS,South Korea,,,,,,,F,23.0
Seoyoon,Kim Suyoung,김수영,서윤,1995-01-26,BOTOPASS,26/08/2020,WKS ENE,South Korea,,,,,,ILUV,F,31.0
Seoyoung,Lee Seoyoung,이서영,서영,1994-06-27,Hello Venus,9/05/2012,Fantagio,South Korea,,164.0,50.0,,,,F,32.0
Seoyul,Seo Yuri,서유리,서율,1997-11-26,Berry Good,21/05/2014,Asia Bridge,South Korea,,163.0,,,,,F,29.0
Serim,Park Serim,박세림,세림,1999-03-03,CRAVITY,14/04/2020,Starship,South Korea,,,,,,,M,27.0
Serri,Park Miyeon,박미연,세리,1990-09-16,Dal Shabet,3/01/2011,Happy Face,South Korea,,,,Seoul,,,F,36.0
Seulgi,Kang Seulgi,강슬기,슬기,1994-02-10,Red Velvet,1/08/2014,SM,South Korea,,162.0,,Seoul,Red Velvet - IRENE SEULGI,,F,32.0
Seulgi,Jeong Seulgi,정슬기,슬기,1990-05-12,S#aFLA,14/07/2021,Winnerzone,South Korea,,,,,,,F,36.0
Seungah,Oh Seungah,오승아,승아,1988-09-13,Rainbow,12/11/2009,DSP,South Korea,,167.0,45.0,Seoul,Rainbow Blaxx| Rainbow Pixie,,F,38.0
Seungchan,Kang Seungchan,강승찬,승찬,2003-01-01,Newkidd,25/04/2019,J-FLO,South Korea,,,,,,,M,23.0
Seungeun,Shim Seungeun,심승은,승은,2000-12-27,BVNDIT,10/04/2019,MNH,South Korea,,,,,,,F,26.0
Seunghan,Lee Seunghan,이승한,승한,1996-02-22,DUSTIN,6/01/2020,LPA,South Korea,,,,,,,M,30.0
Seunghee,Oh Seunghee,오승희,승희,1995-10-10,CLC,19/03/2015,Cube,South Korea,,163.0,,Gwangju,,,F,31.0
Seunghee,Hyun Seunghee,현승희,승희,1996-01-25,Oh My Girl,21/04/2015,WM,South Korea,,160.0,48.0,Chuncheon,,,F,30.0
Seungheon,Lee Seungheon,이승헌,승헌,2007-05-15,8TURN,30/01/2023,MNH,South Korea,,171.0,51.0,,,,M,19.0
Seungho,Yang Seungho,양승호,승호,1987-10-16,MBLAQ,14/10/2009,J. Tune,South Korea,,,,Seoul,,,M,39.0
Seunghun,Kim Seunghun,김승훈,승훈,1999-02-26,CIX,23/07/2019,C9,South Korea,,181.0,69.0,,,,M,27.0
Seunghwan,Lee Seunghwan,이승환,승환,2000-05-20,1the9,9/02/2019,MBK,South Korea,,178.0,64.0,,,,M,26.0
Seunghwan,Park Seunghwan,박승환,승환,2002-04-06,AIMERS,17/11/2022,Hyper Rhythm,South Korea,,,,,,,M,24.0
Seunghwan,Jeong Seunghwan,정승환,승환,2004-01-27,ATBO,27/07/2022,IST,South Korea,,177.0,,Busan,,,M,22.0
Seunghwan,Lee Seunghwan,이승환,승환,1994-12-10,Romeo,4/11/2015,CT,South Korea,,,,,,,M,32.0
Seunghyub,Lee Seunghyub,이승협,승협,1992-10-31,N.Flying,20/05/2015,FNC,South Korea,,,,Daegu,,,M,34.0
Seunghyun,Lee Seunghyun,이승현,승현,1998-07-17,AIMERS,17/11/2022,Hyper Rhythm,South Korea,,,,,,Spectrum,M,28.0
Seunghyun,Song Seungyun,송승현,승현,1992-08-21,FTISLAND,7/06/2007,FNC,South Korea,,,,Seoul,,,M,34.0
Seunghyun,Lee Seunghyun,이승현,승현,2001-12-31,TheEastLight,15/11/2018,Stardium,South Korea,,,,,,,M,25.0
Seungjun,Ji Seungjun,지승준,승준,1998-09-15,Astin,16/11/2022,AB Creative,South Korea,,,,,,,M,28.0
Seungkwan,Boo Seungkwan,부승관,승관,1998-01-16,Seventeen,26/05/2015,Pledis,South Korea,,172.0,58.0,Jeju,,,M,28.0
Seungmin,Bae Seungmin,배승민,승민,1998-10-13,Golden Child,28/08/2017,Woollim,South Korea,,,,,,,M,28.0
Seungmin,Lee Seungmin,이승민,승민,1996-02-03,Hash Tag,11/10/2017,LUK,South Korea,,162.0,,,,,F,30.0
Seungmin,Kim Seungmin,김승민,승민,2000-09-22,Stray Kids,25/03/2018,JYP,South Korea,,,,Seoul,,,M,26.0
Seungri,Lee Seunghyun,이승현,승리,1990-12-12,,,,South Korea,,176.0,60.0,Gwangju,,BIGBANG,M,36.0
Seungsik,Kang Seungsik,강승식,승식,1995-04-16,VICTON,9/11/2016,Plan A,South Korea,,,,,,,M,31.0
Seungwoo,Han Seungwoo,한승우,승우,1994-12-24,VICTON,9/11/2016,Plan A,South Korea,,,,,,X1,M,32.0
Seungyeon,Jang Seunyeon,장승연,승연,1996-11-06,CLC,19/03/2015,Cube,South Korea,,163.0,,Seongnam,,,F,30.0
Seungyeon,Han Seungyeon,한승연,승연,1988-07-24,KARA,29/03/2007,DSP,South Korea,,,,Seoul,,,F,38.0
Seungyeop,Choi Seungyeop,최승엽,승엽,1997-05-08,E'LAST,9/06/2020,E Entertainment,South Korea,,176.0,60.0,,,,M,29.0
Seungyoon,Cho Seungyoon,조승연,승연,1996-08-05,UNIQ,20/10/2014,Yuehua,South Korea,,183.0,68.0,,,X1,M,30.0
Seyeon,Park Seyeon,박세연,세연,2001-05-06,Purplebeck,24/06/2019,Majesty,South Korea,,167.0,46.0,,,,F,25.0
Seyong,Kim Seyong,김세용,세용,1991-11-20,MYNAME,27/10/2011,H2,South Korea,,,,Busan,,,M,35.0
Seyoung,Ha Seyoung,하세영,세영,1999-02-03,ARTBEAT,16/11/2022,AB Creative,South Korea,,166.0,50.0,Daegu,,,F,27.0
Seyoung,Lee Seyoung,이세영,세영,1990-02-08,CROSS GENE,8/07/2012,Amuse,South Korea,,180.0,60.0,Busan,,,M,36.0
Shana,Nonaka Shana,노나카 샤나,샤나,2003-03-13,Lapillus,22/06/2022,MLD,Japan,,158.0,,Kochi,,,F,23.0
Sheon,Kim Suyeon,김수연,션,2003-01-28,Billlie,10/11/2021,MYSTIC,South Korea,,162.0,,,,,F,23.0
Shiho,Kwon Subin,권수빈,시호,2001-08-22,BOTOPASS,26/08/2020,WKS ENE,South Korea,,,,,,,F,25.0
Shihyun,Kim Shihyun,김시현,시현,1998-05-06,We In The Zone,27/05/2019,Choon,South Korea,,,,Changwon,,,M,28.0
Shin,Shin Wonho,신원호,신,1991-10-23,CROSS GENE,8/07/2012,Amuse,South Korea,,185.0,66.0,Seoul,,,M,35.0
Shin,Kim Suhyun,김수현,신,2000-03-18,Ghost9,23/09/2020,Maroo,South Korea,,,,,,,M,26.0
Shin Hyesung,Jung Pilkyo,정필교,신혜성,1979-11-27,Shinhwa,24/03/1998,SM| Good| Shinhwa,South Korea,,179.0,65.0,Seoul,,,M,47.0
Shindong,Shin Donghee,신동희,신동,1985-09-28,Super Junior,6/11/2005,SM,South Korea,,178.0,90.0,Mungyeong,,,M,41.0
Shinwon,Go Shinwon,고신원,신원,1995-12-11,PENTAGON,10/10/2016,Cube,South Korea,,,,,,,M,31.0
Shinye,Kam Yerim,감예림,신예,2004-03-07,MAJORS,9/03/2021,ANS,South Korea,,166.0,46.0,,,,F,22.0
Shinyoung,Park Shinyoung,박신영,신영,2000-03-19,G-reyish,1/06/2017,Elijah,South Korea,,,,,,,F,26.0
Shita,Chae Gaho,채가호,시타,1998-10-01,JWiiver,17/02/2022,JTG,Macau,,183.0,63.0,Macau,,,M,28.0
Shotaro,Osaki Shotaro,오사키 쇼타로,쇼타로,2000-11-25,NCT,9/04/2016,SM,Japan,,,,,NCT U,,M,26.0
Shownu,Son Hyunwoo,손현우,셔누,1992-06-18,MONSTA X,14/05/2014,Starship,South Korea,,,,,,,M,34.0
Shuhua,Yeh Shuhua,예슈화,슈화,2000-01-06,(G)I-DLE,2/05/2018,Cube,Taiwan,,161.0,45.0,,,,F,26.0
Sian,Choi Changmin,최창민,시안,2001-02-01,T1419,21/09/2007,CJ E&M,South Korea,,,,,,,M,25.0
Sieun,Lee Sieun,이시은,시은,2001-05-29,ARTBEAT,16/11/2022,AB Creative,South Korea,,160.0,50.0,Daegu,,,F,25.0
Sieun,Lee Sieun,이시은,시은,1993-09-19,CHECKMATE,19/06/2012,Yedang,South Korea,,163.0,,,,,F,33.0
Sieun,Park Sieun,박시은,시은,2001-08-01,STAYC,12/11/2020,Hi-Up,South Korea,,160.0,44.0,Seoul,,,F,25.0
Sihyeon,Kang Sihyeon,강시현,시현,1998-07-15,ARIAZ,23/10/2019,Rising Star,South Korea,,,,,,,F,28.0
Sihyeon,Hwang Sihyeon,황시현,시현,2005-03-12,CSR,27/07/2022,A2Z,South Korea,,,,Uijeongbu,,,F,21.0
Sihyeon,Kim Sihyeon,김시현,시현,1999-08-05,Everglow,18/03/2019,Yuehua,South Korea,,168.0,51.0,,,,F,27.0
Sihyoung,Kim Sihyoung,김시형,시형,1992-05-15,HISTORY,26/04/2013,LOEN,South Korea,,182.0,63.0,Busan,,,M,34.0
Sihyun,Park Sihyun,박시현,시현,1986-11-29,SPICA,7/02/2012,CJ E&M,South Korea,,,,,SPICA-S,SPICA,F,40.0
Sika,Ren Shika,렌 시카,시카,1995-08-22,,,,China,,165.0,,,,FANATICS,F,31.0
Simyeong,Lee Simyeong,이시명,시명,1999-05-27,BVNDIT,10/04/2019,MNH,South Korea,,,,,,,F,27.0
SinB,Hwang Eunbi,황은비 ,신비,1998-06-03,VIVIZ,9/02/2022,Big Planet Made,South Korea,,165.0,,Cheongju,,Gfriend,F,28.0
Sio,Jeong Jiho,정지호,시오,2004-10-06,FIFTY FIFTY,18/11/2022,ATTRAKT,South Korea,,165.0,45.0,Iksan,,,F,22.0
Sion,Kim Sion,김시온,시온,2004-10-19,YOUNITE,20/04/2022,Brand New,South Korea,,,,,,,M,22.0
Sitala,Sitala Wongkrachang,시탈라 웡크라창,시탈라,1996-04-23,,,,Thailand,,173.0,,,,H1-KEY,F,30.0
Siu,Hwang Inseok,황인석,시우,1995-05-19,DUSTIN,6/01/2020,LPA,South Korea,,,,,,,M,31.0
Siwan,Yim Siwan,임시완,시완,1988-12-01,ZE:A,7/01/2010,Star Empire,South Korea,,,,Busan,,,M,38.0
Siwon,Choi Siwon,최시원,시원,1986-04-07,Super Junior,6/11/2005,SM,South Korea,,185.0,65.0,Seoul,Super Junior-M,,M,40.0
Siwoo,Park Siwoo,박시우,시우,2001-02-05,BLANK2Y,24/05/2022,Keystone,South Korea,,174.0,54.0,,,,M,25.0
Siwoo,Yoo Siwoo,유시우,시우,2001-05-11,TRCNG,10/10/2017,TS,South Korea,,178.0,,,,,M,25.0
Siyeon,Lee Siyeon,이시연,시연,1995-10-01,Dreamcatcher,13/01/2017,Happy Face,South Korea,,170.0,,Daegu,,Minx,F,31.0
Siyoon,Kim Siyoon,김시윤,시윤,2005-02-16,Billlie,10/11/2021,MYSTIC,South Korea,,168.0,,,,,F,21.0
Siyoung,Park Siyoung,박시영,시영,2003-05-06,Mirae,17/03/2021,DSP,South Korea,,172.0,55.0,,,,M,23.0
Sodam,Park Sodam,박소담,박소담,2004-11-26,BLANK2Y,24/05/2022,Keystone,South Korea,,,,,,,M,22.0
Soeun,Bang Soeun,방소은,소은,2005-12-10,TRI.BE,17/02/2021,TR - Mellow,South Korea,,,,,,,F,21.0
Soeun,Park Soeun,박소은,소은,2002-10-26,Weeekly,30/07/2020,Play M,South Korea,,168.0,,,,,F,24.0
Sohee,Uhm Sohee,음소희,소희,2004-01-01,,,,South Korea,,,,,,ICHILLIN',F,22.0
Sohee,Kim Sohee,김소희,소희,1999-12-31,ALICE,1/07/2017,IOK Company,South Korea,,,,,,,F,27.0
Sohee,Kim Sohee,소희,김소희,1995-01-20,Nature,3/08/2018,n.CH,South Korea,,162.0,41.0,Busan,C.I.V.A,I.B.I,F,31.0
Sohee,Kim Sohee,김소희,소희,2003-08-14,Rocket Punch,7/08/2019,Woollim,South Korea,,161.0,46.0,,,,F,23.0
Sohye,Kim Sohye,김소혜,소혜,1999-07-19,,,,South Korea,,,,Seoul,,I.O.I,F,27.0
Sohyun,Kwon Sohyun,권소현,소현,1994-08-30,4minute,15/06/2009,Cube,South Korea,,162.0,,Seoul,,,F,32.0
Sojin,Jo Sojin,조소진,소진,1991-10-11,9Muses,12/08/2010,Star Empire,South Korea,,170.0,47.0,Gwangju,9MUSES A,,F,35.0
Sojin,Park Sojin,박소진,소진,1986-05-21,Girl's Day,9/07/2010,DreamT,South Korea,,167.0,47.0,Daegu,,,F,40.0
Sojin,Hong Sojin,홍소진,소진,1999-09-24,Hash Tag,11/10/2017,LUK,South Korea,,163.0,,,,,F,27.0
Sojung,Lee Sojung,이소정,소정,1993-09-03,Ladies' Code,7/03/2013,Polaris,South Korea,,,,Wonju,,,F,33.0
Solar,Kim Yongsun,김용선,솔라,1991-02-21,Mamamoo,18/06/2014,RBW,South Korea,,163.0,43.0,Seoul,,,F,35.0
Solbin,Ahn Solbin,안솔빈,솔빈,1997-08-19,LABOUM,27/08/2014,NH,South Korea,,169.0,52.0,Ojeonggu,,,F,29.0
Solji,Heo Solji,허솔지,솔지,1989-01-10,EXID,16/02/2012,Yedang,South Korea,,170.0,,Seongnam,,,F,37.0
Somi,Jeon Somi,전소미,소미,2001-03-09,,,,South Korea,Canada,,,Ontario,,I.O.I,F,25.0
Somin,Jang Somin,장소민,소민,1993-11-10,BADKIZ,24/03/2014,Zoo,South Korea,,,,Gwangmyeon,,,F,33.0
Somin,Jeon Somin,전소민,소민,1996-08-22,KARD,29/03/2007,DSP,South Korea,,,,Seoul,,April,F,30.0
Somyi,Ahn Somyi,안솜이,솜이,2000-01-26,DIA,14/07/2015,MBK,South Korea,,,,Changwon,L.U.B,,F,26.0
Song,Song Yunhyeong,송윤형,송,1995-02-08,iKON,15/09/2015,YG,South Korea,,,,,,,M,31.0
Songhee,Yoon Songhee,윤송희,송희,1998-11-08,BVNDIT,10/04/2019,MNH,South Korea,,,,,,,F,28.0
SongSun,Kim Songsun,김송선,송선,1997-03-22,TRI.BE,17/02/2021,TR - Mellow,South Korea,,,,,,,F,29.0
Songyee,Park Songyee,박송이,송이,2004-09-25,,,,South Korea,,,,,,woo!ah!,F,22.0
Soobin,Choi Soobin,최수빈,수빈,2000-12-05,TXT,4/03/2019,Big Hit,South Korea,,184.0,65.0,,,,M,26.0
Soobin,Park Soobin,박수빈,수빈,1996-09-14,WJSN,25/02/2016,Starship,South Korea,,159.0,,Seoul,WJSN Chocome,,F,30.0
Soodam,Lee Soodam,이수담,수담,1999-11-09,SECRET NUMBER,19/05/2020,Vine,South Korea,,,,,,,F,27.0
Soohyun,Shin Soohyun,신수현,수현,1989-03-11,U-KISS,28/08/2008,NH Media,South Korea,,,,Pocheon,,,M,37.0
Soojin,Seo Soojin,서수진,수진,1998-03-09,,,,South Korea,,,,,,(G)I-DLE,F,28.0
Soojin,Lee Soojin,이수진,수진,2001-12-12,Weeekly,30/07/2020,Play M,South Korea,,165.0,,,,,F,25.0
Soojung,Hwang Soojung,황수정,수정,2001-05-10,Hi-L,11/08/2021,Kpop Live,South Korea,,169.0,47.0,Yongin,,,F,25.0
Soomin,Kim Soomin,김수민,수민,2007-10-03,tripleS,13/02/2023,MODHAUS,South Korea,,158.0,,Daegu,,,F,19.0
Sooyoung,Choi Sooyoung,최수영 ,수영 ,1990-02-10,SNSD,4/08/2021,Good Luck,South Korea,,170.0,48.0,Gwangju,,,F,36.0
Sora,Sakata Sora,사카타 소라,소라,2003-08-30,woo!ah!,15/05/2020,NV,Japan,,,,,,,F,23.0
Sorn,Chonnasorn Sajakul,촌나손 사짜꾼,손,1996-11-18,CLC,19/03/2015,Cube,Thailand,,164.0,,Bangkok,,,F,30.0
Soso,Wang Chingyi,왕징이,소소,2001-03-14,GWSN,5/09/2018,Kiwi Pop,Taiwan,,,,,,,F,25.0
Soul,Haku Shota,하쿠 쇼타,소울,2005-02-01,P1Harmony,28/10/2020,FNC,Japan,,,,,,,M,21.0
Sowon,Kim Sojung,김소정,소원,1995-12-07,Gfriend,15/01/2015,Source,South Korea,,172.0,,Seoul,,,F,31.0
Sowon,Nam Soeun,남소은,소원,2004-12-13,TRACER,3/04/2022,Gleamedia,South Korea,,,,,,,F,22.0
Soyee,Jang Sojin,장소진,소이,1996-11-21,Gugudan,28/06/2016,Jellyfish,South Korea,,,,,,,F,30.0
Soyeon,Park Soyeon,박소연,소연,1987-10-05,,,,South Korea,,163.0,46.0,Andong,,T-ara,F,39.0
Soyeon,Jeon Soyeon,전소연,소연,1998-08-26,(G)I-DLE,2/05/2018,Cube,South Korea,,157.0,42.0,,,,F,28.0
Soyeon,Jung Soyeon,정소연,소연,1994-05-04,LABOUM,27/08/2014,NH,South Korea,,161.0,44.0,Gwangju,,,F,32.0
Soyou,Kang Jihyun,강지현,소유,1992-02-12,SISTAR,6/03/2010,Starship,South Korea,,,,,,,F,34.0
Soyoung,Yoo Soyoung,유소영,소영,1996-03-29,,,,South Korea,,,,Seoul,,After School,F,30.0
Soyul,Park Hyekyeong,박혜경,소율,1991-05-15,Crayon Pop,18/07/2012,Chrome,South Korea,,160.0,,Seoul,,,F,35.0
St. Van,Lee Geumhyuk,이금혁,세인트 반,1991-12-22,VAV,31/10/2015,A team,South Korea,,182.0,70.0,,,,M,35.0
Steve,Lim Dohyun,임도현,스티브,2002-03-09,YOUNITE,20/04/2022,Brand New,South Korea,USA,,,Los Angeles,,,M,24.0
Steven,Kim Steven,킴 스티븐,스티븐,2000-01-17,Luminous,9/09/2021,Barunson,South Korea,Australia,176.0,57.0,Sydney,,,M,26.0
Sua,Yoo Sua,유수아,수아,2005-07-23,CSR,27/07/2022,A2Z,South Korea,,,,Anyang,,,F,21.0
Sua,Kim Bora,김보라,수아,1994-08-10,Dreamcatcher,13/01/2017,Happy Face,South Korea,,164.0,,Changwon,,Minx,F,32.0
Sua,Yang Sua,양수아,수아,1995-03-24,Hash Tag,11/10/2017,LUK,South Korea,,169.0,,Gwangju,,,F,31.0
Sua,Choi Sooah,최수아,수아,2003-02-24,Pixy,24/02/2021,ALLART,South Korea,,162.0,44.0,,,,F,23.0
Subin,Park Subin,박수빈,수빈,1994-02-12,Dal Shabet,3/01/2011,Happy Face,South Korea,,,,Gwangju,,,F,32.0
Subin,Oh Subin,오수빈,수빈,1998-09-30,Hash Tag,11/10/2017,LUK,South Korea,,172.0,,,,,F,28.0
Subin,Jung Subin,정수빈,수빈,1999-04-05,VICTON,9/11/2016,Plan A,South Korea,,,,,,,M,27.0
Suga,Min Yoongi,민윤기,슈가,1993-03-09,BTS,13/06/2013,Big Hit,South Korea,,176.0,59.0,Daegu,,,M,33.0
Sugyeong,Jo Sugyeong,조수경,수경,2000-01-12,Favorite,5/07/2017,Astory,South Korea,,,,Haenam,,,F,26.0
Suho,Kim Junmyeon,김준면,수호,1991-05-22,EXO,8/04/2012,SM,South Korea,,173.0,65.0,Seoul,,,M,35.0
Suhye,Kim Suhye,김수혜,수혜,2004-12-13,LIMELIGHT,17/02/2023,143,South Korea,,158.0,40.0,Incheon,,,F,22.0
Suhyeon,Kim Suhyun,김수현,수현,2000-01-15,Billlie,10/11/2021,MYSTIC,South Korea,,161.0,45.0,Daegu,,,F,26.0
Suhyeon,Kim Seunghyun,김승현,수현,1988-04-19,S#aFLA,14/07/2021,Winnerzone,South Korea,,,,,,1PS,F,38.0
Suhyun,Choi Hyunggeun,최형근,수현,1992-10-01,SNUPER,16/11/2015,Widmay,South Korea,,,,Bucheon,,,M,34.0
Suil,Ma Suil,마수일,수일,1999-03-30,Luminous,9/09/2021,Barunson,South Korea,,170.0,50.0,Gwangju,,,M,27.0
Sujeong,Ryu Sujeong,류수정,수정,1997-11-19,Lovelyz,17/11/2014,Woollim,South Korea,,168.0,48.0,Daejeon,,,F,29.0
Suji,Lee Suji,이수지,수지,1998-03-20,UNI.T,18/05/2018,Unit Culture,South Korea,,,,Busan,,The Ark,F,28.0
Sujin,Bang Sujin,방수진,수진,1996-06-26,Wassup,7/08/2013,Mafia,South Korea,,,,,,,F,30.0
Sukjun,Lee Sukjun,이석준,석준,2000-01-31,ABLUE,23/10/2022,J-Star,South Korea,,183.0,65.0,,,ANTARES,M,26.0
Sulli†,Choi Jinri,최진리,설리,1994-03-29,,,,South Korea,,,,Busan,,f(x),F,32.0
Sullyoon,Seol Yoona,설윤아,설윤,2004-01-26,NMIXX,22/02/2022,JYP,South Korea,,,,,,,F,22.0
Sumin,Park Sumin,박수민,수민,2001-09-09,Dreamnote,7/11/2018,iME,South Korea,,166.0,46.0,,,,F,25.0
Sumin,Ji Sumin,지수민,수민,1994-03-03,Sonamoo,29/12/2014,TS,South Korea,,168.0,,Yongin,,,F,32.0
Sumin,Bae Sumin,배수민,수민,2001-03-13,STAYC,12/11/2020,Hi-Up,South Korea,,159.0,46.0,Pohang,,,F,25.0
Sumin,Choi Sumin,최수민,수민,2004-04-07,xikers,30/03/2023,KQ,South Korea,,,,Seoul,,,M,22.0
Sun J,Jeon Heesun,전희선,썬제이,2001-02-13,Girlkind,16/01/2018,Nextlevel,South Korea,,,165.0,,,,F,25.0
Sungah,Son Sungah,손성아,성아,1989-07-08,9Muses,12/08/2010,Star Empire,South Korea,Fiji,172.0,48.0,Suma,,,F,37.0
Sungchan,Jung Sungchan,정성찬,성찬,2001-09-13,NCT,9/04/2016,SM,South Korea,,,,,NCT U,,M,25.0
Sunghoon,Park Sunghoon,박성훈,성훈,2002-12-08,ENHYPEN,30/11/2020,Be:lift,South Korea,,,,,,,M,24.0
Sunghyuk,Seo Sunghyuk,서성혁,성혁,1999-08-26,,,,South Korea,,170.0,,,,,M,27.0
Sunghyun,Kim Sunghyun,김성현,성현,1996-03-16,IN2IT,27/01/2016,Star Empire,South Korea,,186.0,71.0,,,,M,30.0
Sungjae,Yook Sungjae,육성재,성재,1995-05-02,BtoB,21/03/2012,Cube,South Korea,,180.0,68.0,Yongin,Big Byung,,M,31.0
Sungjin,Park Sungjin,박성진,성진,1993-01-16,DAY6,7/09/2015,JYP,South Korea,,,,,,,M,33.0
Sungjong,Lee Sungjong,이성종,성종,1993-09-03,Infinite,9/06/2010,Woollim,South Korea,,177.0,54.0,Gwangju,Infinite F,,M,33.0
Sungjoo,Kim Sungjoo,김성주,성주,1994-02-16,UNIQ,20/10/2014,Yuehua,South Korea,,180.0,65.0,,,,M,32.0
Sungjun,Lee Sungjun,이성준,성준,2002-06-15,BLANK2Y,24/05/2022,Keystone,South Korea,,,,,,,M,24.0
Sungjun,Park Sungjun,박성준,성준,1992-12-17,Boys Republic,3/06/2013,Happy Tribe| Universal,South Korea,,175.0,55.0,Ansan,,,M,34.0
Sungjun,Oh Sungjun,오성준,성준,2005-08-30,TNX,17/05/2022,P NATION,South Korea,,,,Ulsan,,,M,21.0
Sungkyu,Kim Sungkyu,김성규,성규,1989-04-28,Infinite,9/06/2010,Woollim,South Korea,,178.0,62.0,Jeonju,,,M,37.0
Sungmin,Oh Sungmin,오성민,성민,1990-12-31,Bigflo,19/07/2014,HO,South Korea,,,,,,,M,36.0
Sungmin,Lee Sungmin,이성민,성민,1986-01-01,Super Junior,6/11/2005,SM,South Korea,,175.0,57.0,Gyeonggi,Super Junior-M,,M,40.0
Sungoh,Yoo Sungoh,유성오,성오,1991-01-08,,,,South Korea,,,,,,24K,M,35.0
Sungwoon,Ha Sungwoon,하성운,성운,1994-03-22,Wanna One,7/08/2017,YMC,South Korea,,,,Goyang,HOTSHOT,,M,32.0
Sungyeol,Lee Sungyeol,이성열,성열,1991-08-27,Infinite,9/06/2010,Woollim,South Korea,,183.0,59.0,Yongin,Infinite F,,M,35.0
Sungyeon,Bae Sungyeon,배성연,성연,1999-05-25,Pristin,21/03/2017,Pledis,USA,South Korea,,,California,,,F,27.0
Sunhwa,Han Sunhwa,한선화,선화,1990-10-06,,,,South Korea,,,,Busan,,SECRET,F,36.0
Sunmi,Lee Sunmi,이선미,선미,1992-05-02,Wonder Girls,13/02/2007,JYP,South Korea,,167.0,,Iksan,,,F,34.0
Sunn,Hwang Jiwon,황지원,선,2000-02-07,,,,South Korea,,,,Jincheon,,Good Day| Cignature,F,26.0
Sunny,Lee Sunkyu,이순규 ,써니,1989-05-15,SNSD,4/08/2021,Good Luck,South Korea,,158.0,43.0,California,,,F,37.0
Sunoo,Kim Sunwoo,김선우,선우,2003-06-24,ENHYPEN,30/11/2020,Be:lift,South Korea,,,,,,,M,23.0
Sunshine,Kim Minjung,김민정,선샤인,2002-06-20,NATURE,3/08/2018,n.CH,South Korea,,,,,,,F,24.0
Sunwoo,Choi Sunwoo,최선우,선우,1992-03-12,Boys Republic,3/06/2013,Happy Tribe| Universal,South Korea,,183.0,65.0,Seoul,,,M,34.0
Sunwoo,Kim Sunwoo,김선우,선우,2000-04-12,The Boyz,31/12/2017,Cre.Ker,South Korea,,177.0,64.0,,,,M,26.0
Sunyoul,Seon Yein,선예인,선율,1996-11-06,UP10TION,10/09/2015,TOP Media,South Korea,,,,Wando,,,M,30.0
Suri,Kang Suri,강수리,수리,1994-10-11,CHECKMATE,19/06/2012,Yedang,South Korea,,168.0,,,,,F,32.0
Surin,Kim Surin,김수린,수린,1991-12-27,Two X,20/08/2012,J. Tune,South Korea,,,,,,,F,35.0
Suwoong,Lee Suwoong,이수웅,수웅,1995-01-20,Boys Republic,3/06/2013,Happy Tribe| Universal,South Korea,,174.0,56.0,,,,M,31.0
Suyeon,Ji Suyeon,지수연,수연,1997-04-20,Weki Meki,8/08/2017,Fantagio,South Korea,,,,,,,F,29.0
Suyun,Kim Suyun,김수윤,수윤,2001-03-17,Rocket Punch,7/08/2019,Woollim,South Korea,,169.0,52.0,,,,F,25.0
Suzy,Kim Suji,김수지,수지,2001-06-03,MAJORS,9/03/2021,ANS,South Korea,,164.0,45.0,,,,F,25.0
Suzy,Bae Suji,배수지,수지,1994-10-10,miss A,1/07/2010,JYP,South Korea,,168.0,,Gwangju,,,F,32.0
Swan,Kim Suan,김수안,수안,2000-12-28,CRAXY,3/03/2020,SAITEINMENT,South Korea,,,,,,,F,26.0
Swan,Park Soojin,박수진,수안,2003-07-11,Purple Kiss,15/03/2021,RBW,South Korea,,,,,,,F,23.0
Sya,Lee Junyoung,이준영,샤,2002-09-09,BLITZERS,12/05/2021,Wuzo,South Korea,,,,,,,M,24.0
T.O.P,Choi Seunghyun,최승현,탑,1987-11-04,BIGBANG,19/08/2006,YG,South Korea,,180.0,65.0,Seoul,GD&TOP,,M,39.0
Taecyeon,Ok Taecyeon,옥택연,택연,1988-12-27,2PM,4/07/2008,JYP,South Korea,,185.0,76.0,Busan,,,M,38.0
Taedong,Kim Taedong,김태동,태동,1997-11-07,OMEGA X,17/10/2016,JT Corea,South Korea,,177.0,61.0,,,GIDONGDAE,M,29.0
Taeeun,Moon Taeeun,문태은,태은,2000-02-09,IM,4/04/2022,FC ENM,South Korea,,175.0,,,,,M,26.0
Taeha,Yoo Taeha,유태하,태하,1995-10-05,,,,South Korea,,162.0,,,,Berry Good,F,31.0
Taeha,Kim Taeha,김태하,태하,1998-06-03,,,,South Korea,,,,Jeonju,,MOMOLAND,F,28.0
Taeheon,Kim Taeheon,김태헌,태헌,1989-06-18,ZE:A,7/01/2010,Star Empire,South Korea,,,,Gwangju,,,M,37.0
Taehun,Lee Taehoon,이태훈,태훈,2000-03-21,NINE.i,30/03/2022,FirstOne,South Korea,,,,,,,M,26.0
Taehun,Choi Taehun,최태훈,태훈,2002-11-19,TNX,17/05/2022,P NATION,South Korea,,,,Incheon,,,M,24.0
Taehyun,Nam Taehyun,남태현,태현,1994-05-10,,,,South Korea,,,,Hanam,,WINNER,M,32.0
Taehyun,Noh Taehyun,노태현,태현,1993-10-15,HOTSHOT,29/10/2014,Star Crew,South Korea,,,,Seoul,JBJ,,M,33.0
Taehyun,Kang Taehyun,강태현,태현,2002-02-05,TXT,4/03/2019,Big Hit,South Korea,,,,,,,M,24.0
Taeil,Lee Taeil,이태일,태일,1990-09-24,Block B,15/04/2011,KQ,South Korea,,167.0,57.0,Seoul,,,M,36.0
Taeil,Moon Taeil,문태일,태일,1994-06-14,NCT,9/04/2016,SM,South Korea,,171.0,60.0,Seoul,NCT U| NCT 127,,M,32.0
Taekhyeon,Jung Taekhyeon,정택현,택현,2003-07-28,1the9,9/02/2019,MBK,South Korea,,178.0,66.0,Gunpo,,,M,23.0
Taemin,Lee Taemin,이태민,태민,1993-07-18,SHINee,25/05/2008,SM,South Korea,,177.0,53.0,Seoul,SuperM,,M,33.0
Taera,Lee Yujin,이유진,태라,1994-04-12,Gate9,26/01/1999,JYP| SidusHQ,South Korea,,161.0,,Incheon,,,F,32.0
Taerae,Kim Taerae,김태래,태래,2002-09-05,TEMPEST,2/03/2022,Yuehua,South Korea,,,,,,,M,24.0
Taeryeong,Lim Jeongmin,임정민,태령,2000-12-27,LUNARSOLAR,2/09/2020,J Planet,South Korea,,,,,,,F,26.0
Taeseon,Yang Taeseon,양태선,태선,2000-09-17,TRCNG,10/10/2017,TS,South Korea,,182.0,,,,,M,26.0
Taesung,Lee Taesung,이태승,태승,2003-12-19,,,,South Korea,,184.0,64.0,,TEEN TEEN,Ghost9,M,23.0
Taewoong,Yoo Taewoong,유태웅,태웅,1994-05-24,SNUPER,16/11/2015,Widmay,South Korea,Japan,,,,,,M,32.0
Taeyang,Dong Youngbae,동영배,태양,1988-05-18,BIGBANG,19/08/2006,YG,South Korea,,174.0,56.0,Uljeongbu,,,M,38.0
Taeyang,Yoo Taeyang,유태양,태양,1997-02-28,SF9,5/10/2016,FNC,South Korea,,,,,,,M,29.0
Taeyeon,Kim Taeyeon,김태연,태연,1989-03-09,SNSD,4/08/2021,Good Luck,South Korea,,160.0,44.0,Jeonju,TTS| Oh!GG,,F,37.0
Taeyong,Lee Taeyong,이태용,태용,1995-07-01,NCT,9/04/2016,SM,South Korea,,,,,NCT U| NCT 127|SuperM,,M,31.0
Taeyoung,Kim Taeyoung,김태영,태영,1999-06-18,7 O'clock,26/08/2014,Jungle,South Korea,,,,,,,M,27.0
Taeyoung,Kim Taeyoung,김태영,태영,2003-01-27,CRAVITY,14/04/2020,Starship,South Korea,,,,,,,M,23.0
TAG,Yeom Taekyun,염태균,태그,2002-09-30,Ciipher,15/03/2021,Rain,South Korea,,176.0,54.0,,,,M,24.0
TAG,Son Youngtaek,손영택,태그,1998-04-13,Golden Child,28/08/2017,Woollim,South Korea,,,,,,,M,28.0
Takuya,Terada Takuya,테라다 타쿠야,타쿠야,1992-03-18,CROSS GENE,8/07/2012,Amuse,Japan,,187.0,68.0,Moriya,,,M,34.0
Tan,Choi Seokwon,최석원,탄,1996-08-25,Ciipher,15/03/2021,Rain,South Korea,,184.0,75.0,,,,M,30.0
Tao,Hwang Zitao,황자도,타오,1993-05-02,,,,China,,183.0,70.0,Qingdao,,EXO,M,33.0
Taro,Choi Wonjin,최원진,타로,1994-11-09,Hot Blood Youth,17/05/2017,FNC,South Korea,,,,,,,M,32.0
Ten,Chittaphon Leechaiyapornkul,칫따폰 리차이야뽄꾼,텐,1996-02-27,NCT,9/04/2016,SM,Thailand,,,,Bangkok,NCT U|SuperM,,M,30.0
Teo,Jang Sungsik,장성식,테오,1997-10-22,DKB,3/02/2020,Brave,South Korea,,177.0,64.0,,,,M,29.0
Terry,Han Dasom,한다솜,테리,1998-02-02,,,,South Korea,,,,,,NeonPunch,F,28.0
The8,Xu Minghao,쉬밍하오,디에잇,1997-11-07,Seventeen,26/05/2015,Pledis,China,,175.0,53.0,Anshan,,,M,29.0
Theo,Choi Taeyang,최태양,태오,2001-07-01,P1Harmony,28/10/2020,FNC,South Korea,,,,,,,M,25.0
Thunder,Park Sanghyun,박상현,천둥,1990-10-07,,,,South Korea,,,,Busan,,MBLAQ,M,36.0
Tiffany,Hwang Miyoung,황미영,티파니,1989-08-01,SNSD,4/08/2021,Good Luck,South Korea,USA,163.0,50.0,San Francisco,TTS,,F,37.0
Timoteo,Kim Moongyu,김문규,티모테오,1993-01-25,HOTSHOT,29/10/2014,Star Crew,South Korea,,,,,,,M,33.0
Tina,Christine Joy Park,크리스틴 조이 박,티나,1994-09-01,Blady,16/05/2011,Star Planet,USA,South Korea,,,Los Angeles,,,F,32.0
Tsuki,Fukutomi Tsuki,후쿠토미 츠키,츠키,2002-09-21,Billlie,10/11/2021,MYSTIC,Japan,,,,,,,F,24.0
Tzuyu,Chou Tzuyu,저우쯔위,쯔위,1999-06-14,Twice,20/10/2015,JYP,Taiwan,,169.0,,Tainan,,,F,27.0
U,Sun Hengyu,쑨헝위,유,2001-06-22,BLANK2Y,24/05/2022,Keystone,China,,,,,,,M,25.0
U,Mizuguchi Yuto,미즈구치 유토,유,1999-03-16,ONF,2/08/2017,WM,Japan,,,,Osaka,,,M,27.0
Uchae,Yu Hyejun,유혜준,유채,2002-05-07,NATURE,3/08/2018,n.CH,South Korea,,,,,,,F,24.0
Uee,Kim Yujin,김유진,유이,1988-04-09,,,,South Korea,,,,Daegu,,After School,F,38.0
Uji,Jang Yuji,정유지,유지,1991-01-02,,,,South Korea,,,,,,EXID| BESTie,F,35.0
U-Know Yunho,Jung Yunho,정윤호,유노윤호,1986-02-06,TVXQ,6/09/1995,MBK| Turbo Co.,South Korea,,,,Gwangju,,,M,40.0
U-Kwon,Kim Yukwon,김유권,유권,1992-04-09,Block B,15/04/2011,KQ,South Korea,,176.0,63.0,Suwon,Bastarz,,M,34.0
Umji,Kim Yewon,김예원,엄지,1998-08-19,VIVIZ,9/02/2022,Big Planet Made,South Korea,,163.0,,Incheon,,Gfriend,F,28.0
U-Si,Yoo Jiyeon,윤지연,유시,1997-11-13,BADKIZ,24/03/2014,Zoo,South Korea,,,,Iksan,,,F,29.0
V,Kim Taehyung,김태형,뷔,1995-12-30,BTS,13/06/2013,Big Hit,South Korea,,179.0,62.0,Daegu,,,M,31.0
Vahn,Kim Jungwoo,김정우,반,1999-05-07,NINE.i,30/03/2022,FirstOne,South Korea,,175.0,58.0,,,,M,27.0
Vari,Jae Hyun,재현,베리,2000-09-03,NINE.i,30/03/2022,FirstOne,South Korea,,,,,,,M,26.0
Vernon,Choi Hansol,최한솔,버논,1998-02-18,Seventeen,26/05/2015,Pledis,USA,South Korea,176.0,56.0,New York,,,M,28.0
Via,Kim Via,김비아,비아,2000-08-17,FANATICS,6/08/2019,FENT,South Korea,,165.0,46.0,Busan,,,F,26.0
Victoria,Song Qian,송치엔,빅토리아,1987-02-02,f(x),5/09/2009,SM,China,,168.0,45.0,Qingdao,,,F,39.0
Viki,Kang Eunhye,강은혜,비키,1988-03-28,,,,South Korea,,,,Seoul,,Dal Shabet,F,38.0
Vita,Kim Jimin,김지민,비타,2000-02-03,MAJORS,9/03/2021,ANS,South Korea,,168.0,54.0,,,,F,26.0
Vivi,Wong Viian,황가희,비비,1996-12-09,LOONA,20/08/2018,Blockberry,Hong Kong,,,,Hong Kong,Loona 1/3,,F,30.0
Vivian,Park Sunghee,박성희,비비안,1998-12-08,Gate9,26/01/1999,JYP| SidusHQ,South Korea,,,,,,,F,28.0
Way,Heo Minsun,허민선,웨이,1990-07-12,Crayon Pop,18/07/2012,Chrome,South Korea,,161.0,,Seoul,,,F,36.0
Wei,Lee Sungjun,이성준,웨이,1996-07-08,UP10TION,10/09/2015,TOP Media,South Korea,,,,Seoul,,,M,30.0
Wendy,Son Seunghwan,손승완,웬디,1994-02-21,Red Velvet,1/08/2014,SM,South Korea,,160.0,,Seoul,,,F,32.0
Wenhan,Li Wenhan,리원한,원한,1994-07-22,UNIQ,20/10/2014,Yuehua,China,,180.0,64.0,,,,M,32.0
Wheein,Jung Wheein,정휘인,휘인,1995-04-17,Mamamoo,18/06/2014,RBW,South Korea,,162.0,43.0,Jeonju,,,F,31.0
Win,Bang Junhyuk,방준혁,윈,2004-12-19,MCND,27/02/2020,TOP Media,South Korea,,,,,,,M,22.0
Windy,Park Jinju,박진주,윈디,2000-02-23,Girls' World,20/06/2002,Liz,South Korea,,155.0,,Daejeon,,,F,26.0
WinL,Yang Seungho,양승호,윈엘,1996-06-16,ABLUE,23/10/2022,J-Star,South Korea,,177.0,68.0,Paju,,BECZ,M,30.0
Winnie,Pattipong Kasemsant,파티퐁 카셈산트,위니,1998-11-18,NINE.i,30/03/2022,FirstOne,Thailand,,,,,,,M,28.0
Winter,Kim Minjung,김민정,윈터,2001-01-01,aespa,17/11/2020,SM,South Korea,,,,Yangsan,,,F,25.0
Winwin,Dong Sicheng,뚱쓰청,윈윈,1997-10-28,NCT,9/04/2016,SM,China,,,,Zhejiang,NCT 127,,M,29.0
Wish,Kwak Dawit,곽다윗,위시,2002-06-11,EPEX,8/06/2021,C9,South Korea,,184.0,69.0,,,,M,24.0
Won,Park Sungwon,박성원,성원,2003-12-18,Ciipher,15/03/2021,Rain,South Korea,,177.0,58.0,Seoul,,1the9,M,23.0
Won Bin,Won Bin,원빈,원빈,2004-07-01,ATBO,27/07/2022,IST,South Korea,,183.0,,Gyeonggi,,,M,22.0
Won Hyuk,Won Hyuk,원혁,원혁,2002-02-22,E'LAST,9/06/2020,E Entertainment,South Korea,,181.0,63.0,,,,M,24.0
Wonchae,Hwang Chaewon,황채원,원채,2002-12-22,Queenz Eye,24/10/2022,Big Mountain,South Korea,,163.0,,Incheon,,,F,24.0
Woncheol,Jung Woncheol,정원철,원철,1996-01-12,MY.st,26/03/2020,MYStar,South Korea,,,,,,,M,30.0
Wondae,Seol Wondae,설원대,원대,1998-04-28,Dongkiz,24/04/2019,Dongyo,South Korea,,180.0,63.0,,,,M,28.0
Wonho,Shin Hoseok,신호석,원호,1993-03-01,,,,South Korea,,,,Anyang,,MONSTA X,M,33.0
Wonjin,Ham Wonjin,함원진,원진,2001-03-22,CRAVITY,14/04/2020,Starship,South Korea,,174.0,57.0,,,,M,25.0
Wonjin,Won Jin,원진,원진,2003-01-01,GIDONGDAE,3/04/2013,Simtong,South Korea,,,,,,,M,23.0
Wonjun,Jeong Wonjun,정원준,원준,1998-07-21,ABLUE,23/10/2022,J-Star,South Korea,,187.0,73.0,,,ZPZG,M,28.0
Wonjun,Lee Wonjun,이원준,원준,2002-03-08,E'LAST,9/06/2020,E Entertainment,South Korea,,,,,,,M,24.0
Wonpil,Kim Wonpil,김원필,원필,1994-04-28,DAY6,7/09/2015,JYP,South Korea,,,,,,,M,32.0
Wontak,Ju Wontak,주원탁,원탁,1996-02-24,,,,South Korea,,178.0,,,,RAINZ,M,30.0
Wonwoo,Jeon Wonwoo,전원우,원우,1996-07-17,Seventeen,26/05/2015,Pledis,South Korea,,180.0,57.0,Changwon,,,M,30.0
Wony,Ahn Seungwon,안승원,워니,2004-10-04,We;Na,5/09/2022,Shine E&M,South Korea,,155.0,,,,,F,22.0
Wonyoung,Jang Wonyoung,장원영,원영,2004-08-31,IVE,1/12/2021,Starship,South Korea,,,,Seoul,,IZ*ONE,F,22.0
Woo-ah,Kim Chaewon,김채원,우아,1997-06-20,CRAXY,3/03/2020,SAITEINMENT,South Korea,,,,,,,F,29.0
Woobin,Seo Woobin,서우빈,우빈,2000-10-16,CRAVITY,14/04/2020,Starship,South Korea,,,,,,,M,26.0
Woobin,Jeong Woobin,정우빈,우빈,2000-04-01,Luminous,9/09/2021,Barunson,South Korea,,,,Busan,,,M,26.0
Woochul,Shin Woochul,신우철,우철,2002-10-02,Newkidd,25/04/2019,J-FLO,South Korea,,,,,,,M,24.0
Woodam,Park Woodam,박우담,우담,1995-08-02,D1CE,1/08/2019,Happyface,South Korea,,173.0,,,,,M,31.0
Woohee,Bae Woohee,배우희,우희,1991-11-21,Dal Shabet,3/01/2011,Happy Face,South Korea,,,,Busan,UNI.T,,F,35.0
Woohyun,Nam Woohyun,남우현,우현,1991-02-08,Infinite,9/06/2010,Woollim,South Korea,,176.0,52.0,Seoul,Toheart,,M,35.0
Woojin,Kim Woojin,김우진,우진,1997-04-08,,,,South Korea,,,,Daejeon,,Stray Kids,M,29.0
Woojin,Park Woojin,박우진,우진,1999-11-02,AB6IX,22/05/2019,Brand New,South Korea,,,,Busan,,Wanna One,M,27.0
Woojin,Lee Woojin,이우진,우진,2003-04-07,Ghost9,23/09/2020,Maroo,South Korea,,178.0,65.0,,TEEN TEEN,,M,23.0
Woojin,Lee Woojin,이우진,우진,1996-11-22,MY.st,26/03/2020,MYStar,South Korea,,,,,,,M,30.0
Woojin,Lee Woojin,이우진,우진,2003-04-03,TheEastLight,15/11/2018,Stardium,South Korea,,,,,,,M,23.0
Woojoo,Kim Sangyoon,김상윤,우주,1996-09-18,14U,17/04/2017,BG,South Korea,,,,,,,M,30.0
Woojoo,Kim Woojoo,김우주,우주,1996-08-12,Wassup,7/08/2013,Mafia,South Korea,,,,,,,F,30.0
Wooju,Cho Wooju,조우주,우주,2004-01-21,BLITZERS,12/05/2021,Wuzo,South Korea,,,,,,,M,22.0
Woolim,Hwang Woolim,황우림,우림,1996-08-29,Playback,25/06/2015,Coridel,South Korea,,,,,,,F,30.0
Woonggi,Cha Woonggi,차웅기,웅기,2002-04-23,TOO,1/04/2020,n.CH,South Korea,,,,,,,M,24.0
Woono,Song Wonho,홍원호,우노,2003-04-05,YOUNITE,20/04/2022,Brand New,South Korea,,,,,,,M,23.0
Woori,Go Woori,고우리,우리,1988-02-22,Rainbow,12/11/2009,DSP,South Korea,,165.0,44.0,Jeonju,Rainbow Blaxx,,F,38.0
Wooseok,Jeong Wooseok,정우석,우석,1998-01-31,PENTAGON,10/10/2016,Cube,South Korea,,,,,,,M,28.0
Wooshin,Kim Wooseok,김우석,우신,1996-10-27,UP10TION,10/09/2015,TOP Media,South Korea,,,,Daejeon,,X1,M,30.0
Woosu,Kim Minseok,김민석,우수,1999-11-23,IZ,31/08/2017,Music K,South Korea,,,,,,,M,27.0
Woosung,Choi Sunghyuk,최성혁,우성,1994-09-24,SNUPER,16/11/2015,Widmay,South Korea,,,,Seoul,,,M,32.0
Wooyeon,Park Jinkyung,박진경,우연,2003-02-11,woo!ah!,15/05/2020,NV,South Korea,,,,,,,F,23.0
Wooyeop,Jo Wooyeop,조우엽,우엽,2000-09-27,TRCNG,10/10/2017,TS,South Korea,,179.0,,,,,M,26.0
Wooyoung,Jang Wooyoung,장우영,우영,1989-04-30,2PM,4/07/2008,JYP,South Korea,,178.0,65.0,Busan,,,M,37.0
Wooyoung,Hwang Wooyoung,황우영,우영,2003-06-29,AIMERS,17/11/2022,Hyper Rhythm,South Korea,,,,,,,M,23.0
Wooyoung,Jung Wooyoung,정우영,우영,1999-11-26,ATEEZ,24/10/2018,KQ,South Korea,,172.0,,,,,M,27.0
Woozi,Lee Jihoon,이지훈,우지,1996-11-22,Seventeen,26/05/2015,Pledis,South Korea,,165.0,54.0,Busan,,,M,30.0
Wow,Kim Seyoon,김세윤,와우,1993-02-28,A.C.E,23/05/2017,Beat,South Korea,,,,Gyeonggi,,,M,33.0
Wyatt,Shim Jaeyoung,심재영,와이엇,1995-01-23,ONF,2/08/2017,WM,South Korea,,,,Seoul,,,M,31.0
Xeheun,Lee Seheun,이세흔,세흔,1999-07-11,Girlkind,16/01/2018,Nextlevel,South Korea,,,162.0,,,,F,27.0
XEN,Lee Jinwoo,이진우,젠,1998-02-20,OMEGA X,17/10/2016,JT Corea,South Korea,,,,,,1TEAM,M,28.0
Xero,Shin Jiho,신지호,제로,1994-02-03,Topp Dogg,1/04/2020,n.CH,South Korea,,,,Gwangji,,,M,32.0
Xia Junsu,Kim Junsu,김준수,시아 준수,1986-12-15,JYJ,8/09/2010,C-JeS,South Korea,,,,,,TVXQ,M,40.0
Xiao,Lee Dongyeol,이동열,샤오,1998-12-13,UP10TION,10/09/2015,TOP Media,South Korea,,,,Busan,,,M,28.0
XiaoTing,Shen Xiao Ting,션샤오팅,샤오팅,1999-11-12,Kep1er,1/03/2022,WakeOne,China,,168.0,,,,,F,27.0
Xin,Wang Xinwi,왕씬위,씬,1996-11-10,VARSITY,5/01/2017,GKC,China,,185.0,,,,,M,30.0
Xion,Son Dongju,손동주,시온,2000-01-10,Oneus,9/01/2019,RBW,South Korea,,,,,,,M,26.0
Xiumin,Kim Minseok,김민석,시우민,1990-03-26,EXO,8/04/2012,SM,South Korea,,173.0,65.0,Guri,EXO-CBX,,M,36.0
Xiweol,Kang Minseok,강민석,시월,1996-10-21,VARSITY,5/01/2017,GKC,South Korea,,174.0,,,,,M,30.0
Xiyeon,Park Junghyun,박정현,시연,2000-11-14,Pristin,21/03/2017,Pledis,South Korea,,164.0,51.0,,,,F,26.0
Xuanyi,Wu Xuanyi,우쉬안이,선의,1995-01-26,,,,China,,166.0,,Hainan,,WJSN,F,31.0
Y,Choi Sungyoon,최성윤,와이,1995-07-31,Golden Child,28/08/2017,Woollim,South Korea,,,,,,,M,31.0
Yan An,Yan An,옌안,옌안,1996-10-25,PENTAGON,10/10/2016,Cube,China,,,,Shanghai,,,M,30.0
Yano,Seo Sangwon,서상원,야노,1995-09-27,Topp Dogg,1/04/2020,n.CH,South Korea,,,,Seoul,,,M,31.0
Yeah,Kim Haeun,김하은,예아,1999-10-09,,,,South Korea,,,,Gongju,,Good Day| Cignature,F,27.0
Yebin,Baek Yebin,백예빈,예빈,1997-07-13,DIA,14/07/2015,MBK,South Korea,,164.0,43.0,Chuncheon,UNI.T,,F,29.0
Yebin,Kim Yebin,김예빈,예빈,2004-11-01,HOT ISSUE,17/05/2017,FNC,South Korea,,,,,,,F,22.0
Yechan,Shin Yechan,신예찬,예찬,2001-05-14,OMEGA X,17/10/2016,JT Corea,South Korea,,183.0,64.0,Seoul,,1the9,M,25.0
Yechan,Kim Yechan,김예찬,예찬,1995-11-26,Pink Fantasy,28/10/2018,My Doll,South Korea,,159.0,45.0,,,,F,31.0
Yechan,Jeong Yechan,정예찬,예찬,2005-10-27,TRENDZ,5/01/2022,Interpark,South Korea,,,,Seoul,,,M,21.0
Yechan,Lee Yechan,이예찬,예찬,2005-10-21,xikers,30/03/2023,KQ,South Korea,,,,Yesan,,,M,21.0
Yedam,Bang Yedam,방예담,예담,2002-05-07,Treasure,7/08/2020,YG,South Korea,,,,,,,M,24.0
YeeEun,Jang Yeeun,장예은,예은,1998-08-10,CLC,19/03/2015,Cube,South Korea,,166.0,,Dongducheon,,,F,28.0
Yeeun,Hwang Yeeun,황예은,예은,1997-01-12,Blady,16/05/2011,Star Planet,South Korea,,,,Gimhae,,,F,29.0
Yeham,Gu Yeham,구예함,예함,2005-10-07,CSR,27/07/2022,A2Z,South Korea,,,,Pyeongtaek,,,F,21.0
Yehana,Kim Yewon,김예원,예하나,1999-02-22,Pristin,21/03/2017,Pledis,South Korea,,,,Ilsan,,,F,27.0
Yehyeon,Kim Yehyeon,김예현,예현,1999-09-12,GIDONGDAE,3/04/2013,Simtong,South Korea,,176.0,63.0,,,,M,27.0
Yein,Jeong Yein,정예인,예인,1998-06-04,Lovelyz,17/11/2014,Woollim,South Korea,,166.0,,Incheon,,,F,28.0
Yein,Ahn Yein,안예인,예인,1995-05-04,MELODYDAY,25/09/2019,KD,South Korea,,168.0,,,,,F,31.0
Yeji,Hwang Yeji,황예지,예지,2000-05-26,ITZY,12/02/2019,JYP,South Korea,,,,Seoul,,,F,26.0
Yeju,Kim Yeju,김예주,예주,2004-02-01,ICHILLIN',8/09/2021,KM,South Korea,,,,,,,F,22.0
Yejun,Oh Yejun,오예준,예준,2002-08-23,E'LAST,9/06/2020,E Entertainment,South Korea,,178.0,58.0,,,,M,24.0
Yel,Han Shinyoung,한신영,옐,2004-12-25,H1-KEY,5/01/2022,GLG,South Korea,,172.0,,,,,F,22.0
Yellow,Kim Eunbi,김은비,노랑,1993-05-05,Pungdeng-E,11/12/2013,DOMA,South Korea,,156.0,,Seoul,,,F,33.0
Yena,Yang Yena,양예나,예나,2000-05-22,APRIL,24/08/2015,DSP,South Korea,,,,Daegu,,,F,26.0
Yena,Jeong Yena,정예나,예나,2000-04-10,G-reyish,1/06/2017,Elijah,South Korea,,,,,,,F,26.0
Yena,Choi Yena,최예나,예나,1999-09-29,IZ*ONE,29/10/2018,Off The Record,South Korea,,,,Seoul,,,F,27.0
Yenny,Park Yeeun,박예은,예은,1989-05-26,Wonder Girls,13/02/2007,JYP,South Korea,,165.0,,Goyang,,,F,37.0
Yeo One,Yeon Changgu,여창구,여원,1996-03-27,PENTAGON,10/10/2016,Cube,South Korea,,,,,,,M,30.0
Yeoeun,Jung Jieun,정지은,여은,1990-01-25,MELODYDAY,25/09/2019,KD,South Korea,,169.0,,,,,F,36.0
Yeojin,Im Yeojin,임여진,여진,2002-11-11,LOONA,20/08/2018,Blockberry,South Korea,,,,Guro,Loona 1/3,,F,24.0
Yeonha,Ahn Yeonji,안연지,연하,2000-05-19,P.O.P,26/07/2017,DWM,South Korea,,,,Yeondong,,,F,26.0
Yeonhee,Kim Yeonhee,김연희,연희,2000-12-06,Rocket Punch,7/08/2019,Woollim,South Korea,,161.0,,,,,F,26.0
Yeonho,Ju Yeonho,주연호,연호,2000-05-31,Verivery,1/09/2019,Jellyfish,South Korea,,,,,,,M,26.0
Yeonjae,Choi Yeonjae,최연재,연재,2000-12-06,mimiirose,16/09/2022,YES IM,South Korea,,171.0,,,,,F,26.0
Yeonje,Yang Yeonje,양연제,혜성,1999-10-15,ALICE,1/07/2017,IOK Company,South Korea,,,,,,,F,27.0
Yeonji,Kwak Yeonji,곽연지,연지,2008-01-08,tripleS,13/02/2023,MODHAUS,South Korea,,162.0,,Gwangju,,,F,18.0
Yeonjoo,Song Yeonjoo,정연주,연주,1997-06-26,P.O.P,26/07/2017,DWM,South Korea,,,,Ansan,,,F,29.0
Yeonjun,Choi Yeonjun,최연준,연준,1999-09-13,TXT,4/03/2019,Big Hit,South Korea,,183.0,63.0,,,,M,27.0
Yeonjung,Yu Yeonjung,유연정,연정,1999-08-03,WJSN,25/02/2016,Starship,South Korea,,167.0,52.0,Gwangmyeong,,I.O.I,F,27.0
Yeonkyu,Kim Yeonkyu,김연규,연규,2004-05-03,ATBO,27/07/2022,IST,South Korea,,171.0,,Seoul,,,M,22.0
Yeonseo,Ryu Yeonseo,류연서,연서,2004-09-26,We;Na,5/09/2022,Shine E&M,South Korea,,158.0,45.0,,,,F,22.0
Yeontae,Jeong Yeontae,정연태,연태,1992-07-06,IN2IT,27/01/2016,Star Empire,South Korea,,178.0,58.0,,,,M,34.0
Yeonwoo,Lee Dabin,이다빈,연우,1996-08-01,,,,South Korea,,170.0,49.0,Seoul,,MOMOLAND,F,30.0
Yeoreum,Ahn Chaeyeon,안채연,여름,1996-06-04,Hello Venus,9/05/2012,Fantagio,South Korea,,167.0,48.0,,,,F,30.0
Yeoreum,Lee Jinsook,이진숙,여름,1999-01-10,WJSN,25/02/2016,Starship,South Korea,,161.0,,Seoul,WJSN Chocome,,F,27.0
Yeori,Choi Yeori,최여리,여리,1999-09-08,ARIAZ,23/10/2019,Rising Star,South Korea,,,,,,,F,27.0
Yeori,Kim Soyeon,김소연,여리,1994-05-30,Gate9,26/01/1999,JYP| SidusHQ,South Korea,,164.0,,Seoul,,,F,32.0
Yeosang,Kang Yeosang,강여상,여상,1999-06-15,ATEEZ,24/10/2018,KQ,South Korea,,173.0,,Incheon,,,M,27.0
Yeoun,Lee Kyeongbin,이경빈,여운,1997-09-03,ARGON,11/03/2019,MSH,South Korea,,,,,,,M,29.0
Yeowool,Ha Yeowool,하여울,여울,1998-04-11,Purplebeck,24/06/2019,Majesty,South Korea,,163.0,46.0,,,,F,28.0
Yeram,Yang Yeram,양예람,예람,2000-03-31,Astin,16/11/2022,AB Creative,South Korea,,,,,,,M,26.0
Yeri,Kim Yerim,김예림,예리,1999-03-05,Red Velvet,1/08/2014,SM,South Korea,,158.0,,Seoul,,,F,27.0
Yerim,Jeong Yerim,정예림,예림,1997-03-10,Purplebeck,24/06/2019,Majesty,South Korea,,165.0,44.0,,,,F,29.0
Yerin,Baek Yerin,백예린,백예린,1997-06-26,15&,5/10/2012,JYP,South Korea,,165.0,,Daejeon,,,F,29.0
Yerin,Jung Yerin,정예린,예린,1996-08-19,Gfriend,15/01/2015,Source,South Korea,,167.0,,Incheon,,,F,30.0
Yeryung,,,예령,2002-06-22,Lusty,26/06/2019,babaplay,South Korea,,169.0,49.0,Busan,,,F,24.0
Yeseo,Kang Yeseo,강예서,예서,2005-08-22,Kep1er,1/03/2022,WakeOne,South Korea,,157.0,,,,Busters,F,21.0
Yeseul,Kim Yeseul,김예슬,예슬,2004-03-24,Hi-L,11/08/2021,Kpop Live,South Korea,,,,,,,F,22.0
Yeso,Lee Yeso,이예소,예소,2001-11-13,G-reyish,1/06/2017,Elijah,South Korea,,,,,,,F,25.0
Yesung,Kim Jongwoon,김종운,예성,1984-08-24,Super Junior,6/11/2005,SM,South Korea,,178.0,64.0,Seoul,,,M,42.0
Yeum,Jung Myeongwoo,정명우,예음,2001-11-19,PRIMROSE,13/03/2023,AO,South Korea,,,,,,,F,25.0
Yewang,Seo Yewang,서예왕,예왕,2005-03-12,EPEX,8/06/2021,C9,South Korea,,180.0,64.0,,,,M,21.0
Yewon,Park Yewon,박예원,예원,2004-01-11,HOT ISSUE,17/05/2017,FNC,South Korea,,,,,,,F,22.0
Yewon,Han Yewon,한예원,예원,2003-02-07,mimiirose,16/09/2022,YES IM,South Korea,,170.0,,Seoul,,,F,23.0
Yezi,Lee Yeji,이예지,예지,1994-08-26,Fiestar,31/08/2012,LOEN,South Korea,,161.0,,Gangneung,,,F,32.0
Yibo,Wang Yibo,왕이보,이보,1997-08-05,UNIQ,20/10/2014,Yuehua,China,,182.0,65.0,,,,M,29.0
Yijeong,Jang Yijeong,장이정,이정,1993-09-10,HISTORY,26/04/2013,LOEN,South Korea,,173.0,58.0,Jinju,,,M,33.0
Yiren,Wang Yiren,왕이런,이런,2000-12-29,Everglow,18/03/2019,Yuehua,China,,,,,,,F,26.0
Yixuan,Zhou Yixuan,조이쉔,이쉔,1990-12-11,UNIQ,20/10/2014,Yuehua,China,,183.0,65.0,,,,M,36.0
Yiyeon,Jung Dasol,정다솔,이연,1995-05-28,BVNDIT,10/04/2019,MNH,South Korea,,,,,,,F,31.0
Yoel,Kim Yoel,킴요엘,요엘,2001-01-25,AIMERS,17/11/2022,Hyper Rhythm,South Korea,,,,Seoul,,,M,25.0
Yohan,Kim Yohan,김요한,요한,1999-09-22,WEi,5/10/2020,OUI,South Korea,,181.0,66.0,,,X1,M,27.0
Yonggeun,Jo Yonggeun,조용근,용근,1995-01-23,D1CE,1/08/2019,Happyface,South Korea,,174.0,54.0,,,,M,31.0
Yongguk,Bang Yongguk,방용국,용국,1990-03-31,B.A.P,27/01/2012,TS,South Korea,,182.0,60.0,Incheon,,,M,36.0
Yongha,Yoo Yongha,유용하,용하,1999-01-11,WEi,5/10/2020,OUI,South Korea,,177.0,64.0,,,1the9,M,27.0
Yonghee,Kim Yonghee,김용희,용희,2000-02-17,CIX,23/07/2019,C9,South Korea,,177.0,59.0,,,,M,26.0
Yonghoon,Jin Yonghoon,진용훈,용훈,1994-08-17,Onewe,9/01/2019,RBW,South Korea,,,,,,MAS,M,32.0
Yonghwa,Jung Yonghwa,정용화,용화,1989-06-22,CNBLUE,14/01/2010,FNC,South Korea,,,,Seoul,,,M,37.0
Yongseok,Choi Yongseok,최용석,용석,1996-05-23,CHECKMATE,19/06/2012,Yedang,South Korea,,,,,,,M,30.0
Yongseok,Kim Yongseok,김용석,용석,1993-01-08,CROSS GENE,8/07/2012,Amuse,South Korea,,176.0,64.0,Seoul,,,M,33.0
Yongseung,Kim Yongseung,김용승,용승,2000-06-17,Verivery,1/09/2019,Jellyfish,South Korea,,,,,,,M,26.0
Yooa,Yoo Siah,유시아,유아,1995-09-17,Oh My Girl,21/04/2015,WM,South Korea,,160.0,50.0,Seoul,,,F,31.0
Yoochun,Park Yoochun,박유천,유천,1986-07-04,JYJ,8/09/2010,C-JeS,South Korea,,,,Seoul,,TVXQ,M,40.0
Yoohyeon,Kim Yoohyeon,김유현,유현,1997-01-07,Dreamcatcher,13/01/2017,Happy Face,South Korea,,171.0,,Incheon,,Minx,F,29.0
Yoojin,Jang Yoojin,정유진,유진,1992-09-14,,,,South Korea,,,,,,Brave Girls,F,34.0
Yoojin,Ahn Yoojin,안유진,유진,2000-02-29,ARTBEAT,16/11/2022,AB Creative,South Korea,,,,,,,F,26.0
Yoojun,Jung Gun,정건,유준,2000-12-27,BAE173,19/11/2020,PocketDol,South Korea,,,,,,,M,26.0
Yoojun,Jun Yoojun,정유준,유준,1995-07-26,D1CE,1/08/2019,Happyface,South Korea,,,,,,,M,31.0
Yoojung,Lee Taeyeop,이태엽,유정,1997-05-19,OnlyOneOf,28/05/2019,RSVP,South Korea,,,,,,,M,29.0
Yoojung,Choi Yoojung,최유정,유정,1999-11-12,Weki Meki,8/08/2017,Fantagio,South Korea,,,,Guri,I.O.I| WJMK,,F,27.0
Yookyung,Seo Yookyung,서유경,유경,1993-03-15,,,,South Korea,,167.0,48.0,,,AOA BLACK,F,33.0
Yoomin,Na Yoomin,나유민,유민,1993-08-29,MELODYDAY,25/09/2019,KD,South Korea,,165.0,,,,,F,33.0
Yoon,Heo Yoon,허윤,윤,1994-09-23,4TEN,26/08/2014,Jungle,South Korea,,,,,,,F,32.0
Yoon,Ji Hayoon,지하윤,윤,1997-07-08,Gate9,26/01/1999,JYP| SidusHQ,South Korea,,162.0,,Busan,,,F,29.0
Yoon,Shim Jayoon,심자윤,윤,2004-04-14,STAYC,12/11/2020,Hi-Up,South Korea,,171.0,49.0,Gwangju,,,F,22.0
Yoon,Kang Seungyoon,강승윤,승윤,1994-01-21,WINNER,12/08/2014,YG,South Korea,,,,Busan,,,M,32.0
Yoona,Ogura Yuuna,오구라 유우나,유우나,2000-10-13,bugAboo,25/10/2021,A team,Japan,,,,Sapporo,,,F,26.0
Yoona,Im Yoona,임윤아 ,윤아,1990-05-30,SNSD,4/08/2021,Good Luck,South Korea,,166.0,47.0,Seoul,,,F,36.0
Yoonbin,Ha Yoonbin,하윤빈,윤빈,2000-12-11,,,,South Korea,,,,,,,M,26.0
Yoonhye,Jung Yoonhye,정윤혜,윤혜,2001-10-04,FANATICS,6/08/2019,FENT,South Korea,,173.0,,,FANATICS FLAVOR,,F,25.0
Yoonhye,Jung Yoonhye,정윤혜,윤혜,1990-04-14,Rainbow,12/11/2009,DSP,South Korea,,166.0,47.0,Daejeon,,,F,36.0
Yoonji,,,윤지,1998-07-21,Lusty,26/06/2019,babaplay,South Korea,,163.0,45.0,,,,F,28.0
Yoonjo,Shin Yoonjo,신윤조,윤조,1992-12-14,UNI.T,18/05/2018,Unit Culture,South Korea,,,,Seoul,,Hello Venus,F,34.0
Yoonsan,Yoon Sanghyuk,윤상혁,윤산,1994-08-22,HOTSHOT,29/10/2014,Star Crew,South Korea,,,,,,,M,32.0
Yoonsung,Cho Yoonsung,조윤성,윤성,2003-11-13,8TURN,30/01/2023,MNH,South Korea,,177.0,62.0,Seoul,,,M,23.0
Yoonwoo,Lee Choonghyun,이충현,윤우,2000-08-28,TRENDZ,5/01/2022,Interpark,South Korea,,,,,,,M,26.0
Yoosung,Jeong Yoosung,정유성,유성,1992-10-08,,,,South Korea,,175.0,52.0,,,Bigflo,M,34.0
Yooyeon,Kim Yooyeon,김유연,유연,2001-02-09,tripleS,13/02/2023,MODHAUS,South Korea,,164.0,46.0,Seoul,,,F,25.0
Yooyoung,Lee Yooyoung,이유영,유영,1995-01-23,Hello Venus,9/05/2012,Fantagio,South Korea,,170.0,49.0,Suwon,,,F,31.0
Yoseob,Yang Yoseob,양요섭,요섭,1990-01-05,Highlight,14/10/2009,Around Us,South Korea,,171.0,56.0,Seoul,,Beast,M,36.0
Yoshi,Kanemoto Yoshinori,카네모토 요시노리,요시,2000-05-15,Treasure,7/08/2020,YG,Japan,,179.0,59.0,Kobe,,,M,26.0
You,Kim Taeyou,김태유,유,1999-11-17,ABLUE,23/10/2022,J-Star,South Korea,,178.0,70.0,,,BECZ,M,27.0
Youi,Kim Jihyeo,유아이,유아이,2000-04-24,Dreamnote,7/11/2018,iME,South Korea,,163.0,45.0,,,,F,26.0
Young K,Kang Young-hyun,강영현,영케이,1993-12-19,DAY6,7/09/2015,JYP,South Korea,Canada,,,,,,M,33.0
Youngbin,Lee Youngbin,이영빈,영빈,2001-11-23,BLANK2Y,24/05/2022,Keystone,South Korea,,,,,,,M,25.0
Youngbin,Jeong Youngbin,정영빈,영빈,1998-10-05,Luminous,9/09/2021,Barunson,South Korea,,172.0,55.0,Seongju,,,M,28.0
Youngbin,Kim Youngbin,김영빈,영빈,1993-11-23,SF9,5/10/2016,FNC,South Korea,,,,,,,M,33.0
Youngeun,Seo Youngeun,서영은,영은,2004-12-27,Kep1er,1/03/2022,WakeOne,South Korea,,159.0,,,,,F,22.0
Youngheun,Go Youngheun,고영흔,영흔,1994-11-20,Blackswan,16/10/2020,DR,South Korea,,,,,,,F,32.0
Youngho,Noh Youngho,노영호,영호,1993-03-24,SIGNAL,28/08/2019,J-Star,South Korea,,,,,,,M,33.0
Younghoon,Kim Younghoon,김영훈,영훈,1997-08-08,The Boyz,31/12/2017,Cre.Ker,South Korea,,182.0,63.0,,,,M,29.0
Youngjae,Yoo Youngjae,유영재,영재,1994-01-24,B.A.P,27/01/2012,TS,South Korea,,178.0,65.0,Seoul,,,M,32.0
Youngjae,Choi Youngjae,최영재,영재,1996-09-17,GOT7,16/01/2014,JYP,South Korea,,175.0,59.0,Mokpo,,,M,30.0
Youngji,Hur Youngji,허영지,영지,1994-08-30,KARA,29/03/2007,DSP,South Korea,,,,Goyang,,,F,32.0
Youngmin,Lim Youngmin,임영민,영민,1995-12-25,,,,South Korea,,,,Busan,MXM,AB6IX,M,31.0
Youngmin,Jo Youngmin,조영민,영민,1995-04-24,Boyfriend,26/05/2011,Starship,South Korea,,180.0,,Anyang,,,M,31.0
Youngseo,Ryu Youngseo,류영서,영서,2002-06-13,BAE173,19/11/2020,PocketDol,South Korea,,,,,,,M,24.0
Youngwoong,Cho Youngwoon,조영웅,영웅,1999-05-01,14U,17/04/2017,BG,South Korea,,,,,,,M,27.0
Yua,Mikami Yua,미카미 유아,유아,1993-08-16,Honey Popcorn,21/03/2018,Kyun Create,Japan,,,,,,,F,33.0
Yubeen,Jin Yubeen,진유빈,유빈,2006-09-05,TRACER,3/04/2022,Gleamedia,South Korea,,,,,,,F,20.0
Yubin,Cho Yubin,조유빈,유빈,1999-10-09,,,,South Korea,,156.0,40.0,,,Pink Fantasy,F,27.0
Yubin,Oh Yubin,오유빈,유빈,1998-11-26,ARTBEAT,16/11/2022,AB Creative,South Korea,,162.0,47.0,,,,F,28.0
Yubin,Kim Yubin,김유빈,유빈,2002-02-27,Bling Bling,17/11/2020,Major9,South Korea,,166.0,47.0,,,,F,24.0
Yubin,Jang Yubin,장유빈,유빈,2004-06-10,Mirae,17/03/2021,DSP,South Korea,,,,,,,M,22.0
Yubin,Bae Yubin,배유빈,유빈,1997-09-09,Oh My Girl,21/04/2015,WM,South Korea,,161.0,49.0,Chuncheon,,,F,29.0
Yubin,Gong Yubin,공유빈,유빈,2005-02-03,tripleS,13/02/2023,MODHAUS,South Korea,,163.0,,Yongin,,,F,21.0
Yubin,Kim Yubin,김유빈,유빈,1988-10-04,Wonder Girls,13/02/2007,JYP,South Korea,,163.0,,Gwangju,,,F,38.0
Yue,Nancy Yang,낸시 양,유에,2004-07-03,Lapillus,22/06/2022,MLD,USA,China,163.0,48.0,,,,F,22.0
Yuem,Park Subin,박수빈,유음,1996-12-25,H.U.B,9/02/2017,New Planet,South Korea,,,,,,,F,30.0
Yugyeom,Kim Yugyeom,김유겸,유겸,1997-11-17,GOT7,16/01/2014,JYP,South Korea,,180.0,64.0,Namyangju,,,M,29.0
Yuha,Kang Kyungwon,강경원,유하,1997-11-05,Hinapia,3/11/2019,Alseulbit,South Korea,,170.0,50.0,,,Pristin,F,29.0
Yujeong,Kim Yujeong,김유정,유정,1992-02-14,,,,South Korea,,161.0,42.0,Seoul,,LABOUM,F,34.0
Yujeong,Nam Yujeong,남유정,유정,1991-05-02,Brave Girls,8/04/2011,Brave,South Korea,,,,Seoul,,,F,35.0
Yujeong,Lee Yujeong,이유정,유정,2004-06-14,LIGHTSUM,10/06/2021,Cube,South Korea,,160.0,41.0,,,,F,22.0
Yuji,Son Yuji,손유지,유지,1998-11-25,3YE,21/05/2019,GH,South Korea,,160.0,45.0,,,Apple.B,F,28.0
Yujin,Ahn Yujin,안유진,유진,2003-09-01,IVE,1/12/2021,Starship,South Korea,,,,Cheongju,,IZ*ONE,F,23.0
Yujin,Choi Yujin,최유진,유진,1996-08-12,Kep1er,1/03/2022,WakeOne,South Korea,,164.0,,Jeonju,,CLC,F,30.0
Yujin,Seo Yoojin,소유진,유진,1994-06-18,Playback,25/06/2015,Coridel,South Korea,,,,,,,F,32.0
Yujin,Jeong Yujin,정유진,유진,1989-10-23,S#aFLA,14/07/2021,Winnerzone,South Korea,,,,,,D-Unit,F,37.0
Yuju,Choi Yuju,최유주,유주,1997-03-05,Cherry Bullet,21/01/2019,FNC,South Korea,,,,,,,F,29.0
Yuju,Choi Yuna,최유나,유주,1997-10-04,Gfriend,15/01/2015,Source,South Korea,,169.0,,Goyang,,,F,29.0
Yujun,Jung Yujun,정유준,유준,2005-10-05,xikers,30/03/2023,KQ,South Korea,,,,Incheon,,,M,21.0
Yuki,Mori Koyuki,모리 코유키,유키,2002-11-06,Purple Kiss,15/03/2021,RBW,Japan,,,,,,,F,24.0
Yuki,Lim Jiyeon,임지연,유키,2002-01-30,Saturday,18/07/2018,SD,South Korea,,161.0,44.0,,,,F,24.0
Yuku,Amanumu Yuku,아마누마 유쿠,유쿠,2002-05-12,DKB,3/02/2020,Brave,Japan,,176.0,55.0,,,,M,24.0
Yukyung,Lee Yukyung,이유경,유경,1999-11-05,ALICE,1/07/2017,IOK Company,South Korea,,,,,,,F,27.0
Yulhee,Kim Yulhee,김율희,율희,1997-11-27,,,,South Korea,,166.0,52.0,Bucheon,,LABOUM,F,29.0
Yuna,Seo Yuna,서유나,유나,1992-12-30,AoA,30/07/2012,FNC,South Korea,,163.0,45.0,Busan,AOA BLACK,,F,34.0
Yuna,Lee Yuna,이유나,유나,1993-04-06,Brave Girls,8/04/2011,Brave,South Korea,,,,Seoul,,,F,33.0
Yuna,Iimura Yuna,이이무라 유나,유나,2005-04-23,CSR,27/07/2022,A2Z,Japan,,,,Ibaraki,,,F,21.0
Yuna,Shin Yuna,신유나,유나,2003-12-09,ITZY,12/02/2019,JYP,South Korea,,,,Suwon,,,F,23.0
Yungyu,Lee Yungyu,이윤규,윤규,2005-11-07,8TURN,30/01/2023,MNH,South Korea,,175.0,62.0,,,,M,21.0
Yunho,Jeong Yunho,정윤호,윤호,1999-03-23,ATEEZ,24/10/2018,KQ,South Korea,,184.0,,Gwangju,,,M,27.0
Yunji,Kim Yunji,김윤지,윤지,1996-08-26,ARIAZ,23/10/2019,Rising Star,South Korea,,,,,,,F,30.0
Yunji,Lee Yunji,이윤지,윤지,1992-04-04,Playback,25/06/2015,Coridel,South Korea,,,,,,,F,34.0
Yunjin,Huh Yunjin,허윤진,윤진,2001-10-08,LE SSERAFIM,2/05/2022,Source,South Korea,,171.0,53.0,,,,F,25.0
Yunju,Seo Yunju,서윤주,윤주,2005-12-26,mimiirose,16/09/2022,YES IM,South Korea,,162.0,,Pohang,,,F,21.0
Yunkyung,Seo Yunkyung,서윤경,윤경,2001-11-01,Rocket Punch,7/08/2019,Woollim,South Korea,,161.0,,,,,F,25.0
Yunmin,Yun Min,윤민,윤민,2001-02-26,Newkidd,25/04/2019,J-FLO,South Korea,,,,,,,M,25.0
Yunseong,Hwang Yunseong,황윤성,윤성,2000-10-30,DRIPPIN,26/10/2020,Woollim,South Korea,Seoul,181.0,60.0,,,,M,26.0
Yunseul,Hwang Nayoon,황나윤,윤슬,1999-03-30,IRRIS,6/07/2022,Mellow,South Korea,,,,Seoul,,Good Day| RedSquare,F,27.0
Yunsung,Hwang Yunsung,황윤성,윤성,1996-03-19,Romeo,4/11/2015,CT,South Korea,,,,,,,M,30.0
Yuqi,Song Yuqi,송우기,우기,1999-09-23,(G)I-DLE,2/05/2018,Cube,China,,162.0,48.0,Beijing,,,F,27.0
Yura,Kim Ahyoung,김아영,유라,1992-11-06,Girl's Day,9/07/2010,DreamT,South Korea,,168.0,49.0,Ulsan,,,F,34.0
Yuri,Jo Yuri,조유리,유리,2001-10-22,IZ*ONE,29/10/2018,Off The Record,South Korea,,,,Busan,,,F,25.0
Yuri,Kwon Yuri,권유리 ,유리,1989-12-05,SNSD,4/08/2021,Good Luck,South Korea,,167.0,45.0,Goyang,,,F,37.0
Yurim,Park Yurim,박유림,유림,1998-04-13,3YE,21/05/2019,GH,South Korea,,164.0,,,,Apple.B,F,28.0
Yuta,Nakamoto Yuta,나카모토 유타,유타,1995-10-26,NCT,9/04/2016,SM,Japan,,,,Osaka,NCT 127,,M,31.0
Yuto,Adachi Yuto,아다치 유토,유토,1998-01-23,PENTAGON,10/10/2016,Cube,Japan,,,,,,,M,28.0
Yuuri,Tokunaga Yuuri,도쿠나가 유우리,유우리,2001-05-16,LUNARSOLAR,2/09/2020,J Planet,Japan,,,,,,,F,25.0
Yuvin,Song Yuvin,송유빈,유빈,1998-04-28,B.O.Y,20/01/2020,Music Works,South Korea,,,,,,MYTEEN,M,28.0
Yves,Ha Sooyoung,하수영,이브,1997-05-24,LOONA,20/08/2018,Blockberry,South Korea,,,,,Loona yyxy,,F,29.0
YY,Kim Moonyong,김문용,와이와이,1991-08-30,UNVS,23/02/2020,CHITWN,South Korea,,,,,,,M,35.0
Zelo,Choi Junhong,최준홍,젤로,1996-10-15,B.A.P,27/01/2012,TS,South Korea,,182.0,63.0,Mokpo,,,M,30.0
Zero,Nasukawa Shota,나스카와 쇼타,제로,2003-01-20,T1419,21/09/2007,CJ E&M,Japan,,,,,,,M,23.0
Zhou Mi,Zhou Mi,조미,조미,1986-04-19,Super Junior-M,6/11/2005,SM,China,,184.0,64.0,Wuhan,,,M,40.0
Zico,Woo Jiho,우지호,지코,1992-09-14,Block B,15/04/2011,KQ,South Korea,,182.0,65.0,Seoul,,,M,34.0
Zin,Jin Hyunbin,진현빈,지인,2001-08-31,bugAboo,25/10/2021,A team,South Korea,,,,,,,F,25.0
Ziu,Park Heejun,박희준,지우,1997-06-16,VAV,31/10/2015,A team,South Korea,,185.0,70.0,,,,M,29.0
ZN,Bae Jinye,배진예,지엔,1994-06-09,LABOUM,27/08/2014,NH,South Korea,,169.0,48.0,Bucheon,UNI.T,,F,32.0
Zoa,Cho Hyewon,조혜원,조아,2005-05-31,Weeekly,30/07/2020,Play M,South Korea,,170.0,,,,,F,21.0
Zuho,Bae Juho,백주호,주호,1996-07-04,SF9,5/10/2016,FNC,South Korea,,,,,,,M,30.0
Z-UK,Jeong Jaewook,정재욱,지욱,1993-01-27,,,,South Korea,,174.0,62.0,,,Bigflo,M,33.0
Zuny,Kim Joomi,김주미,주니,1994-12-08,Ladies' Code,7/03/2013,Polaris,South Korea,,,,Gwangju,,,F,32.0
